MangaID,Title,Type,Volumes,Members,Score,Author,CoverMedium,CoverLarge
2,Berserk,Manga,NULL,798911,9.46,Miura,https://cdn.myanimelist.net/images/manga/1/157897.jpg,https://cdn.myanimelist.net/images/manga/1/157897l.jpg
1706,JoJo's Bizarre Adventure Part 7: Steel Ball Run,Manga,24,325790,9.34,Araki,https://cdn.myanimelist.net/images/manga/3/179882.jpg,https://cdn.myanimelist.net/images/manga/3/179882l.jpg
656,Vagabond,Manga,37,460273,9.27,Inoue,https://cdn.myanimelist.net/images/manga/1/259070.jpg,https://cdn.myanimelist.net/images/manga/1/259070l.jpg
13,One Piece,Manga,NULL,699869,9.21,Oda,https://cdn.myanimelist.net/images/manga/2/253146.jpg,https://cdn.myanimelist.net/images/manga/2/253146l.jpg
162032,Lord of Mysteries,Novel,18,23966,9.18,Ai Qianshui de Wuzei,https://cdn.myanimelist.net/images/manga/2/287344.jpg,https://cdn.myanimelist.net/images/manga/2/287344l.jpg
1,Monster,Manga,18,290902,9.17,Urasawa,https://cdn.myanimelist.net/images/manga/3/258224.jpg,https://cdn.myanimelist.net/images/manga/3/258224l.jpg
51,Slam Dunk,Manga,31,201519,9.09,Inoue,https://cdn.myanimelist.net/images/manga/2/258749.jpg,https://cdn.myanimelist.net/images/manga/2/258749l.jpg
642,Vinland Saga,Manga,29,361945,9.09,Yukimura,https://cdn.myanimelist.net/images/manga/2/188925.jpg,https://cdn.myanimelist.net/images/manga/2/188925l.jpg
147272,The Greatest Estate Developer,Manhwa,NULL,86481,9.06,Moon,https://cdn.myanimelist.net/images/manga/1/290131.jpg,https://cdn.myanimelist.net/images/manga/1/290131l.jpg
133431,Uma Musume Cinderella Gray,Manga,23,11562,9.05,Kuzumi,https://cdn.myanimelist.net/images/manga/3/240780.jpg,https://cdn.myanimelist.net/images/manga/3/240780l.jpg
70345,Grand Blue Dreaming,Manga,NULL,202643,9.05,Inoue,https://cdn.myanimelist.net/images/manga/2/166124.jpg,https://cdn.myanimelist.net/images/manga/2/166124l.jpg
25,Fullmetal Alchemist,Manga,27,323979,9.04,Arakawa,https://cdn.myanimelist.net/images/manga/3/243675.jpg,https://cdn.myanimelist.net/images/manga/3/243675l.jpg
16765,Kingdom,Manga,NULL,202058,9.02,Hara,https://cdn.myanimelist.net/images/manga/2/171872.jpg,https://cdn.myanimelist.net/images/manga/2/171872l.jpg
34053,Umineko When They Cry Episode 8: Twilight of the Golden Witch,Manga,9,24850,9.02,Natsumi,https://cdn.myanimelist.net/images/manga/3/206205.jpg,https://cdn.myanimelist.net/images/manga/3/206205l.jpg
657,Real,Manga,NULL,112046,9,Inoue,https://cdn.myanimelist.net/images/manga/2/115969.jpg,https://cdn.myanimelist.net/images/manga/2/115969l.jpg
44489,Land of the Lustrous,Manga,13,174496,9,Ichikawa,https://cdn.myanimelist.net/images/manga/1/115443.jpg,https://cdn.myanimelist.net/images/manga/1/115443l.jpg
23751,Monogatari Series: Second Season,Light Novel,6,28762,8.99,NISIO,https://cdn.myanimelist.net/images/manga/2/181553.jpg,https://cdn.myanimelist.net/images/manga/2/181553l.jpg
4632,Goodnight Punpun,Manga,13,521293,8.98,Asano,https://cdn.myanimelist.net/images/manga/3/266834.jpg,https://cdn.myanimelist.net/images/manga/3/266834l.jpg
143441,Omniscient Reader's Viewpoint,Novel,20,35241,8.98,sing N song,https://cdn.myanimelist.net/images/manga/1/265768.jpg,https://cdn.myanimelist.net/images/manga/1/265768l.jpg
1303,Ashita no Joe: Fighting for Tomorrow,Manga,20,66273,8.97,Kajiwara,https://cdn.myanimelist.net/images/manga/1/268827.jpg,https://cdn.myanimelist.net/images/manga/1/268827l.jpg
44227,Monogatari Series: Final Season,Light Novel,6,23955,8.96,NISIO,https://cdn.myanimelist.net/images/manga/1/181554.jpg,https://cdn.myanimelist.net/images/manga/1/181554l.jpg
14893,Monogatari Series: First Season,Light Novel,6,67715,8.95,NISIO,https://cdn.myanimelist.net/images/manga/2/279887.jpg,https://cdn.myanimelist.net/images/manga/2/279887l.jpg
108177,Monogatari Series: Monster Season,Light Novel,6,10499,8.95,NISIO,https://cdn.myanimelist.net/images/manga/1/198051.jpg,https://cdn.myanimelist.net/images/manga/1/198051l.jpg
3,20th Century Boys,Manga,22,312423,8.93,Urasawa,https://cdn.myanimelist.net/images/manga/5/260006.jpg,https://cdn.myanimelist.net/images/manga/5/260006l.jpg
104,Yotsuba&!,Manga,NULL,179834,8.93,Azuma,https://cdn.myanimelist.net/images/manga/5/259524.jpg,https://cdn.myanimelist.net/images/manga/5/259524l.jpg
130826,Heaven Official's Blessing: Tian Guan Ci Fu,Novel,6,22518,8.93,Mo Xiang Tong Xiu,https://cdn.myanimelist.net/images/manga/3/258775.webp,https://cdn.myanimelist.net/images/manga/3/258775l.webp
126479,Three Days of Happiness,Novel,1,44117,8.91,Miaki,https://cdn.myanimelist.net/images/manga/3/248674.jpg,https://cdn.myanimelist.net/images/manga/3/248674l.jpg
104039,86: Eighty-Six,Light Novel,NULL,53123,8.9,Shirabi,https://cdn.myanimelist.net/images/manga/3/194315.jpg,https://cdn.myanimelist.net/images/manga/3/194315l.jpg
90125,Kaguya-sama: Love Is War,Manga,28,306310,8.89,Akasaka,https://cdn.myanimelist.net/images/manga/3/188896.jpg,https://cdn.myanimelist.net/images/manga/3/188896l.jpg
1224,March Comes in Like a Lion,Manga,NULL,81079,8.88,Umino,https://cdn.myanimelist.net/images/manga/2/52283.jpg,https://cdn.myanimelist.net/images/manga/2/52283l.jpg
126287,Frieren: Beyond Journey's End,Manga,NULL,174567,8.88,Yamada,https://cdn.myanimelist.net/images/manga/3/232121.jpg,https://cdn.myanimelist.net/images/manga/3/232121l.jpg
129621,Medalist,Manga,NULL,24108,8.87,Tsurumaikada,https://cdn.myanimelist.net/images/manga/3/235204.jpg,https://cdn.myanimelist.net/images/manga/3/235204l.jpg
336,GTO: Great Teacher Onizuka,Manga,25,191609,8.87,Fujisawa,https://cdn.myanimelist.net/images/manga/2/172982.webp,https://cdn.myanimelist.net/images/manga/2/172982l.webp
35243,Haikyu!!,Manga,45,244761,8.87,Furudate,https://cdn.myanimelist.net/images/manga/2/258225.webp,https://cdn.myanimelist.net/images/manga/2/258225l.webp
74697,Re:ZERO -Starting Life in Another World-,Light Novel,NULL,85738,8.87,Nagatsuki,https://cdn.myanimelist.net/images/manga/1/129447.jpg,https://cdn.myanimelist.net/images/manga/1/129447l.jpg
86119,Ascendance of a Bookworm: I'll Do Anything to Become a Librarian!,Light Novel,33,22812,8.87,Shiina,https://cdn.myanimelist.net/images/manga/1/149552.jpg,https://cdn.myanimelist.net/images/manga/1/149552l.jpg
86769,The Apothecary Diaries,Light Novel,NULL,25857,8.87,Hyuuga,https://cdn.myanimelist.net/images/manga/2/176943.jpg,https://cdn.myanimelist.net/images/manga/2/176943l.jpg
56805,A Silent Voice,Manga,7,293275,8.86,Ooima,https://cdn.myanimelist.net/images/manga/1/120529.jpg,https://cdn.myanimelist.net/images/manga/1/120529l.jpg
7375,The Climber,Manga,17,155515,8.85,Sakamoto,https://cdn.myanimelist.net/images/manga/1/324690.jpg,https://cdn.myanimelist.net/images/manga/1/324690l.jpg
9115,Spice & Wolf,Light Novel,NULL,71607,8.85,Hasekura,https://cdn.myanimelist.net/images/manga/2/153860.jpg,https://cdn.myanimelist.net/images/manga/2/153860l.jpg
651,Nausicaä of the Valley of the Wind,Manga,7,68899,8.84,Miyazaki,https://cdn.myanimelist.net/images/manga/3/259856.jpg,https://cdn.myanimelist.net/images/manga/3/259856l.jpg
102875,The House in Fata Morgana,Light Novel,5,9307,8.84,Hanada,https://cdn.myanimelist.net/images/manga/2/193634.jpg,https://cdn.myanimelist.net/images/manga/2/193634l.jpg
132678,Veil,Manga,NULL,31670,8.84,Fukuda,https://cdn.myanimelist.net/images/manga/1/239756.jpg,https://cdn.myanimelist.net/images/manga/1/239756l.jpg
28,Nana,Manga,21,175568,8.83,Yazawa,https://cdn.myanimelist.net/images/manga/1/262324.jpg,https://cdn.myanimelist.net/images/manga/1/262324l.jpg
9726,Zaregoto,Light Novel,NULL,28965,8.83,NISIO,https://cdn.myanimelist.net/images/manga/1/157901.jpg,https://cdn.myanimelist.net/images/manga/1/157901l.jpg
21525,Yona of the Dawn,Manga,48,154267,8.83,Kusanagi,https://cdn.myanimelist.net/images/manga/2/269202.jpg,https://cdn.myanimelist.net/images/manga/2/269202l.jpg
70261,Mushoku Tensei: Jobless Reincarnation,Light Novel,26,102361,8.83,Rifujin na Magonote,https://cdn.myanimelist.net/images/manga/3/120337.jpg,https://cdn.myanimelist.net/images/manga/3/120337l.jpg
14483,Space Brothers,Manga,NULL,43170,8.82,Koyama,https://cdn.myanimelist.net/images/manga/3/166256.jpg,https://cdn.myanimelist.net/images/manga/3/166256l.jpg
85781,Delicious in Dungeon,Manga,14,114723,8.82,Kui,https://cdn.myanimelist.net/images/manga/3/148949.jpg,https://cdn.myanimelist.net/images/manga/3/148949l.jpg
178182,On the Way to Meet Mom,Manhwa,NULL,12746,8.82,Gomyang,https://cdn.myanimelist.net/images/manga/1/328009.webp,https://cdn.myanimelist.net/images/manga/1/328009l.webp
144267,The Fragrant Flower Blooms with Dignity,Manga,NULL,142766,8.81,Mikami,https://cdn.myanimelist.net/images/manga/5/256607.jpg,https://cdn.myanimelist.net/images/manga/5/256607l.jpg
118804,Journal with Witch,Manga,11,15134,8.79,Yamashita,https://cdn.myanimelist.net/images/manga/2/216687.jpg,https://cdn.myanimelist.net/images/manga/2/216687l.jpg
45143,Kono Oto Tomare!,Manga,NULL,53929,8.79,Sakura,https://cdn.myanimelist.net/images/manga/3/116653.jpg,https://cdn.myanimelist.net/images/manga/3/116653l.jpg
26,Hunter x Hunter,Manga,NULL,313955,8.78,Togashi,https://cdn.myanimelist.net/images/manga/2/253119.jpg,https://cdn.myanimelist.net/images/manga/2/253119l.jpg
399,Kino no Tabi: The Beautiful World,Light Novel,NULL,22624,8.78,Sigsawa,https://cdn.myanimelist.net/images/manga/2/333085.jpg,https://cdn.myanimelist.net/images/manga/2/333085l.jpg
23900,Umineko WHEN THEY CRY Episode 7: Requiem of the Golden Witch,Manga,9,18355,8.78,Mizuno,https://cdn.myanimelist.net/images/manga/1/273943.jpg,https://cdn.myanimelist.net/images/manga/1/273943l.jpg
100448,Three Days of Happiness,Manga,3,195114,8.78,Taguchi,https://cdn.myanimelist.net/images/manga/5/260043.jpg,https://cdn.myanimelist.net/images/manga/5/260043l.jpg
121405,Grandmaster of Demonic Cultivation: Mo Dao Zu Shi,Novel,4,14922,8.78,Mo Xiang Tong Xiu,https://cdn.myanimelist.net/images/manga/3/258745.jpg,https://cdn.myanimelist.net/images/manga/3/258745l.jpg
7,Hajime no Ippo: Fighting Spirit!,Manga,NULL,102960,8.77,Morikawa,https://cdn.myanimelist.net/images/manga/2/250313.jpg,https://cdn.myanimelist.net/images/manga/2/250313l.jpg
40171,"My Youth Romantic Comedy Is Wrong, As I Expected",Light Novel,18,77512,8.77,Watari,https://cdn.myanimelist.net/images/manga/1/122461.jpg,https://cdn.myanimelist.net/images/manga/1/122461l.jpg
89357,Classroom of the Elite,Light Novel,14,98331,8.77,Tomose,https://cdn.myanimelist.net/images/manga/2/177958.jpg,https://cdn.myanimelist.net/images/manga/2/177958l.jpg
35513,Koten-bu Series,Novel,NULL,21801,8.76,Yonezawa,https://cdn.myanimelist.net/images/manga/3/80983.jpg,https://cdn.myanimelist.net/images/manga/3/80983l.jpg
72467,Girls' Last Tour,Manga,6,91489,8.76,Tsukumizu,https://cdn.myanimelist.net/images/manga/1/185918.jpg,https://cdn.myanimelist.net/images/manga/1/185918l.jpg
123992,Classroom of the Elite: Year 2,Light Novel,15,46416,8.76,Tomose,https://cdn.myanimelist.net/images/manga/3/235363.jpg,https://cdn.myanimelist.net/images/manga/3/235363l.jpg
128365,The Summer You Were There,Manga,6,34719,8.76,Yuama,https://cdn.myanimelist.net/images/manga/1/239675.jpg,https://cdn.myanimelist.net/images/manga/1/239675l.jpg
147769,No Home,Manhwa,NULL,12720,8.76,Wanan,https://cdn.myanimelist.net/images/manga/3/264873.jpg,https://cdn.myanimelist.net/images/manga/3/264873l.jpg
117077,I Want to Eat Your Pancreas,Novel,1,13215,8.74,Sumino,https://cdn.myanimelist.net/images/manga/2/248632.jpg,https://cdn.myanimelist.net/images/manga/2/248632l.jpg
418,Mushishi,Manga,10,97374,8.74,Urushibara,https://cdn.myanimelist.net/images/manga/2/159514.jpg,https://cdn.myanimelist.net/images/manga/2/159514l.jpg
1859,Natsume's Book of Friends,Manga,NULL,50633,8.74,Midorikawa,https://cdn.myanimelist.net/images/manga/3/260099.jpg,https://cdn.myanimelist.net/images/manga/3/260099l.jpg
24875,A Certain Magical Index NT,Light Novel,23,18839,8.74,Kamachi,https://cdn.myanimelist.net/images/manga/2/221675.jpg,https://cdn.myanimelist.net/images/manga/2/221675l.jpg
26027,Witch on the Holy Night,Light Novel,1,8689,8.74,Nasu,https://cdn.myanimelist.net/images/manga/1/63637.jpg,https://cdn.myanimelist.net/images/manga/1/63637l.jpg
100035,Witch Hat Atelier,Manga,NULL,140851,8.74,Shirahama,https://cdn.myanimelist.net/images/manga/3/190005.jpg,https://cdn.myanimelist.net/images/manga/3/190005l.jpg
9982,Usogui,Manga,49,59430,8.73,Sako,https://cdn.myanimelist.net/images/manga/2/283743.jpg,https://cdn.myanimelist.net/images/manga/2/283743l.jpg
91941,Made in Abyss,Manga,NULL,185276,8.73,Tsukushi,https://cdn.myanimelist.net/images/manga/3/161645.jpg,https://cdn.myanimelist.net/images/manga/3/161645l.jpg
145,BECK: Mongolian Chop Squad,Manga,34,93954,8.72,Sakuishi,https://cdn.myanimelist.net/images/manga/3/253274.jpg,https://cdn.myanimelist.net/images/manga/3/253274l.jpg
55215,The Empty Box and Zeroth Maria,Light Novel,7,110508,8.72,Mikage,https://cdn.myanimelist.net/images/manga/2/175662.jpg,https://cdn.myanimelist.net/images/manga/2/175662l.jpg
70399,Rascal Does Not Dream,Light Novel,15,33081,8.72,Kamoshida,https://cdn.myanimelist.net/images/manga/2/177502.jpg,https://cdn.myanimelist.net/images/manga/2/177502l.jpg
98930,Violet Evergarden,Light Novel,2,32982,8.72,Akatsuki,https://cdn.myanimelist.net/images/manga/3/279888.jpg,https://cdn.myanimelist.net/images/manga/3/279888l.jpg
1325,Phoenix,Manga,16,27071,8.71,Tezuka,https://cdn.myanimelist.net/images/manga/3/159419.jpg,https://cdn.myanimelist.net/images/manga/3/159419l.jpg
102256,Aoashi,Manga,40,45100,8.71,Kobayashi,https://cdn.myanimelist.net/images/manga/1/185325.jpg,https://cdn.myanimelist.net/images/manga/1/185325l.jpg
140765,Heaven Official's Blessing,Manhua,NULL,19629,8.71,Mo Xiang Tong Xiu,https://cdn.myanimelist.net/images/manga/2/258222.jpg,https://cdn.myanimelist.net/images/manga/2/258222l.jpg
123006,Bungo Stray Dogs: Beast,Manga,4,22457,8.7,Asagiri,https://cdn.myanimelist.net/images/manga/2/234643.jpg,https://cdn.myanimelist.net/images/manga/2/234643l.jpg
44347,One-Punch Man,Manga,NULL,534115,8.7,Murata,https://cdn.myanimelist.net/images/manga/3/80661.jpg,https://cdn.myanimelist.net/images/manga/3/80661l.jpg
21,Death Note,Manga,12,430690,8.69,Obata,https://cdn.myanimelist.net/images/manga/1/258245.jpg,https://cdn.myanimelist.net/images/manga/1/258245l.jpg
81,Aria,Manga,12,45462,8.69,Amano,https://cdn.myanimelist.net/images/manga/2/202644.jpg,https://cdn.myanimelist.net/images/manga/2/202644l.jpg
178671,My Bias Gets on the Last Train,Manhwa,NULL,19445,8.69,Jixksee,https://cdn.myanimelist.net/images/manga/3/343506.jpg,https://cdn.myanimelist.net/images/manga/3/343506l.jpg
124374,Souyaku Toaru Majutsu no Index,Light Novel,NULL,5387,8.68,Kamachi,https://cdn.myanimelist.net/images/manga/3/229100.jpg,https://cdn.myanimelist.net/images/manga/3/229100l.jpg
904,Lone Wolf & Cub,Manga,28,54370,8.68,Koike,https://cdn.myanimelist.net/images/manga/1/159264.jpg,https://cdn.myanimelist.net/images/manga/1/159264l.jpg
1133,Dorohedoro,Manga,23,206276,8.68,Hayashida,https://cdn.myanimelist.net/images/manga/3/258246.jpg,https://cdn.myanimelist.net/images/manga/3/258246l.jpg
85968,Golden Kamuy,Manga,31,111203,8.68,Noda,https://cdn.myanimelist.net/images/manga/3/149257.jpg,https://cdn.myanimelist.net/images/manga/3/149257l.jpg
107562,The Apothecary Diaries,Manga,NULL,93880,8.68,Hyuuga,https://cdn.myanimelist.net/images/manga/3/201154.jpg,https://cdn.myanimelist.net/images/manga/3/201154l.jpg
4,Yokohama Kaidashi Kikou,Manga,14,86487,8.67,Ashinano,https://cdn.myanimelist.net/images/manga/1/171813.webp,https://cdn.myanimelist.net/images/manga/1/171813l.webp
93097,Monogatari Series: Off Season,Light Novel,4,8376,8.67,NISIO,https://cdn.myanimelist.net/images/manga/2/181555.webp,https://cdn.myanimelist.net/images/manga/2/181555l.webp
125036,The Horizon,Manhwa,3,116350,8.67,Jeong,https://cdn.myanimelist.net/images/manga/1/229331.jpg,https://cdn.myanimelist.net/images/manga/1/229331l.jpg
44,Gin Tama,Manga,77,104791,8.66,Sorachi,https://cdn.myanimelist.net/images/manga/3/267795.jpg,https://cdn.myanimelist.net/images/manga/3/267795l.jpg
664,Akira,Manga,6,148907,8.66,Otomo,https://cdn.myanimelist.net/images/manga/3/271629.jpg,https://cdn.myanimelist.net/images/manga/3/271629l.jpg
1342,Baccano!,Light Novel,22,23067,8.66,Narita,https://cdn.myanimelist.net/images/manga/2/172736.jpg,https://cdn.myanimelist.net/images/manga/2/172736l.jpg
2062,Kara no Kyoukai: The Garden of Sinners,Light Novel,2,19492,8.66,Type-Moon,https://cdn.myanimelist.net/images/manga/2/318232.jpg,https://cdn.myanimelist.net/images/manga/2/318232l.jpg
61579,Tobaku Datenroku Kaiji: One Poker-hen,Manga,16,12444,8.66,Fukumoto,https://cdn.myanimelist.net/images/manga/3/311934.jpg,https://cdn.myanimelist.net/images/manga/3/311934l.jpg
88660,Bloom into You,Manga,8,124645,8.66,Nakatani,https://cdn.myanimelist.net/images/manga/1/232311.jpg,https://cdn.myanimelist.net/images/manga/1/232311l.jpg
756,Banana Fish,Manga,19,67284,8.65,Yoshida,https://cdn.myanimelist.net/images/manga/5/265185.jpg,https://cdn.myanimelist.net/images/manga/5/265185l.jpg
745,Pluto: Urasawa x Tezuka,Manga,8,140530,8.64,Urasawa,https://cdn.myanimelist.net/images/manga/1/264496.jpg,https://cdn.myanimelist.net/images/manga/1/264496l.jpg
60553,Konosuba: God's Blessing on This Wonderful World!,Light Novel,17,60421,8.64,Mishima,https://cdn.myanimelist.net/images/manga/1/174932.jpg,https://cdn.myanimelist.net/images/manga/1/174932l.jpg
81669,Overlord,Light Novel,NULL,69726,8.64,Maruyama,https://cdn.myanimelist.net/images/manga/1/160558.webp,https://cdn.myanimelist.net/images/manga/1/160558l.webp
116778,Chainsaw Man,Manga,24,733733,8.64,Fujimoto,https://cdn.myanimelist.net/images/manga/3/216464.jpg,https://cdn.myanimelist.net/images/manga/3/216464l.jpg
118289,Skip and Loafer,Manga,NULL,53838,8.64,Takamatsu,https://cdn.myanimelist.net/images/manga/3/220669.jpg,https://cdn.myanimelist.net/images/manga/3/220669l.jpg
132214,Omniscient Reader's Viewpoint,Manhwa,NULL,171788,8.64,sing N song,https://cdn.myanimelist.net/images/manga/2/238873.jpg,https://cdn.myanimelist.net/images/manga/2/238873l.jpg
145863,"Goodbye, Eri",Manga,1,169102,8.64,Fujimoto,https://cdn.myanimelist.net/images/manga/3/263979.jpg,https://cdn.myanimelist.net/images/manga/3/263979l.jpg
114043,Will you marry me again if you are reborn?,Manga,4,35412,8.63,Morinaga,https://cdn.myanimelist.net/images/manga/1/211769.jpg,https://cdn.myanimelist.net/images/manga/1/211769l.jpg
137303,Hirayasumi,Manga,NULL,26270,8.63,Shinzou,https://cdn.myanimelist.net/images/manga/2/249992.webp,https://cdn.myanimelist.net/images/manga/2/249992l.webp
214,Mobile Suit Gundam: The Origin,Manga,24,19593,8.63,Yasuhiko,https://cdn.myanimelist.net/images/manga/1/151300.jpg,https://cdn.myanimelist.net/images/manga/1/151300l.jpg
60783,Mob Psycho 100,Manga,16,131296,8.63,ONE,https://cdn.myanimelist.net/images/manga/2/204842.jpg,https://cdn.myanimelist.net/images/manga/2/204842l.jpg
78523,ReLIFE,Manga,15,177272,8.63,Yayoi,https://cdn.myanimelist.net/images/manga/2/171573.jpg,https://cdn.myanimelist.net/images/manga/2/171573l.jpg
92559,Ace of the Diamond Act II,Manga,34,20490,8.63,Terajima,https://cdn.myanimelist.net/images/manga/3/167576.jpg,https://cdn.myanimelist.net/images/manga/3/167576l.jpg
107931,Blue Period,Manga,NULL,144518,8.63,Yamaguchi,https://cdn.myanimelist.net/images/manga/2/204827.jpg,https://cdn.myanimelist.net/images/manga/2/204827l.jpg
6978,Legend of the Galactic Heroes,Novel,10,13263,8.62,Tanaka,https://cdn.myanimelist.net/images/manga/5/155231.jpg,https://cdn.myanimelist.net/images/manga/5/155231l.jpg
21498,Umineko WHEN THEY CRY Episode 5: End of the Golden Witch,Manga,6,18920,8.62,Ryukishi07,https://cdn.myanimelist.net/images/manga/2/273941.jpg,https://cdn.myanimelist.net/images/manga/2/273941l.jpg
1469,Glass no Kamen,Manga,49,14220,8.61,Miuchi,https://cdn.myanimelist.net/images/manga/1/264109.jpg,https://cdn.myanimelist.net/images/manga/1/264109l.jpg
11054,Billy Bat,Manga,20,88872,8.61,Urasawa,https://cdn.myanimelist.net/images/manga/3/181197.jpg,https://cdn.myanimelist.net/images/manga/3/181197l.jpg
37707,Your Lie in April,Manga,11,88599,8.61,Arakawa,https://cdn.myanimelist.net/images/manga/3/102691.jpg,https://cdn.myanimelist.net/images/manga/3/102691l.jpg
66517,Umineko no Naku Koro ni,Light Novel,8,8310,8.61,Ryukishi07,https://cdn.myanimelist.net/images/manga/3/290256.jpg,https://cdn.myanimelist.net/images/manga/3/290256l.jpg
79993,Umineko no Naku Koro ni Chiru,Light Novel,7,5159,8.61,Ryukishi07,https://cdn.myanimelist.net/images/manga/3/185817.jpg,https://cdn.myanimelist.net/images/manga/3/185817l.jpg
81211,WorldEnd: What Do You Do at the End of the World? Are You Busy? Will You Save Us?,Light Novel,5,29109,8.61,Kareno,https://cdn.myanimelist.net/images/manga/3/174609.jpg,https://cdn.myanimelist.net/images/manga/3/174609l.jpg
85719,Blue Giant,Manga,10,28837,8.61,Ishizuka,https://cdn.myanimelist.net/images/manga/1/148869.jpg,https://cdn.myanimelist.net/images/manga/1/148869l.jpg
698,Neon Genesis Evangelion,Manga,14,128833,8.6,Sadamoto,https://cdn.myanimelist.net/images/manga/1/145061.jpg,https://cdn.myanimelist.net/images/manga/1/145061l.jpg
13245,Chihayafuru,Manga,50,55038,8.6,Suetsugu,https://cdn.myanimelist.net/images/manga/1/245072.jpg,https://cdn.myanimelist.net/images/manga/1/245072l.jpg
180916,"The Eternity for You: ""The Summer You Were There""",Manga,1,2486,8.6,Yuama,https://cdn.myanimelist.net/images/manga/3/322994.jpg,https://cdn.myanimelist.net/images/manga/3/322994l.jpg
110771,Magus of the Library,Manga,NULL,29045,8.59,Izumi,https://cdn.myanimelist.net/images/manga/3/208938.jpg,https://cdn.myanimelist.net/images/manga/3/208938l.jpg
117851,Shimeji Simulation,Manga,5,29332,8.59,Tsukumizu,https://cdn.myanimelist.net/images/manga/2/227584.jpg,https://cdn.myanimelist.net/images/manga/2/227584l.jpg
137200,Grandmaster of Demonic Cultivation: Mo Dao Zu Shi,Manhua,NULL,20675,8.59,Mo Xiang Tong Xiu,https://cdn.myanimelist.net/images/manga/1/267154.jpg,https://cdn.myanimelist.net/images/manga/1/267154l.jpg
3083,Suzumiya Haruhi Series,Light Novel,NULL,41367,8.59,Tanigawa,https://cdn.myanimelist.net/images/manga/1/186142.jpg,https://cdn.myanimelist.net/images/manga/1/186142l.jpg
11514,A Bride's Story,Manga,NULL,82804,8.59,Mori,https://cdn.myanimelist.net/images/manga/2/188950.jpg,https://cdn.myanimelist.net/images/manga/2/188950l.jpg
21499,Umineko WHEN THEY CRY Episode 6: Dawn of the Golden Witch,Manga,6,16715,8.59,Ryukishi07,https://cdn.myanimelist.net/images/manga/2/273942.jpg,https://cdn.myanimelist.net/images/manga/2/273942l.jpg
39859,Steins;Gate,Light Novel,5,15760,8.59,Sakai,https://cdn.myanimelist.net/images/manga/3/72649.jpg,https://cdn.myanimelist.net/images/manga/3/72649l.jpg
3006,JoJo's Bizarre Adventure Part 4: Diamond Is Unbreakable,Manga,18,115433,8.58,Araki,https://cdn.myanimelist.net/images/manga/3/269910.webp,https://cdn.myanimelist.net/images/manga/3/269910l.webp
5744,Ping Pong,Manga,5,26141,8.58,Matsumoto,https://cdn.myanimelist.net/images/manga/2/151416.jpg,https://cdn.myanimelist.net/images/manga/2/151416l.jpg
6812,Kyou kara Ore wa!!,Manga,38,24444,8.58,Nishimori,https://cdn.myanimelist.net/images/manga/2/266260.jpg,https://cdn.myanimelist.net/images/manga/2/266260l.jpg
11327,One Outs,Manga,20,40452,8.58,Kaitani,https://cdn.myanimelist.net/images/manga/3/169329.jpg,https://cdn.myanimelist.net/images/manga/3/169329l.jpg
77597,Adachi and Shimamura,Light Novel,NULL,13640,8.58,Iruma,https://cdn.myanimelist.net/images/manga/1/134265.jpg,https://cdn.myanimelist.net/images/manga/1/134265l.jpg
610,Skip Beat!,Manga,NULL,96728,8.57,Nakamura,https://cdn.myanimelist.net/images/manga/2/255389.jpg,https://cdn.myanimelist.net/images/manga/2/255389l.jpg
3031,Pandora Hearts,Manga,24,193913,8.57,Mochizuki,https://cdn.myanimelist.net/images/manga/2/169004.jpg,https://cdn.myanimelist.net/images/manga/2/169004l.jpg
101396,Sasaki and Miyano,Manga,NULL,43771,8.57,Harusono,https://cdn.myanimelist.net/images/manga/3/187122.jpg,https://cdn.myanimelist.net/images/manga/3/187122l.jpg
142310,The Moon on a Rainy Night,Manga,NULL,13766,8.57,Kuzushiro,https://cdn.myanimelist.net/images/manga/3/253111.jpg,https://cdn.myanimelist.net/images/manga/3/253111l.jpg
145539,Seasons of Blossom,Manhwa,12,21730,8.57,Hongduck,https://cdn.myanimelist.net/images/manga/3/257932.jpg,https://cdn.myanimelist.net/images/manga/3/257932l.jpg
147585,The Bugle Call: Song of War,Manga,NULL,19079,8.57,Toumori,https://cdn.myanimelist.net/images/manga/1/267772.jpg,https://cdn.myanimelist.net/images/manga/1/267772l.jpg
121496,Solo Leveling,Manhwa,NULL,619056,8.56,Chugong,https://cdn.myanimelist.net/images/manga/3/222295.jpg,https://cdn.myanimelist.net/images/manga/3/222295l.jpg
123649,The Angel Next Door Spoils Me Rotten,Light Novel,NULL,25702,8.56,Kazutake,https://cdn.myanimelist.net/images/manga/2/235341.jpg,https://cdn.myanimelist.net/images/manga/2/235341l.jpg
3649,Fate/Zero,Light Novel,4,30855,8.56,Takeuchi,https://cdn.myanimelist.net/images/manga/3/186073.jpg,https://cdn.myanimelist.net/images/manga/3/186073l.jpg
8157,Kamisama Kiss,Manga,25,97655,8.56,Suzuki,https://cdn.myanimelist.net/images/manga/1/269698.jpg,https://cdn.myanimelist.net/images/manga/1/269698l.jpg
18161,Katanagatari: Sword Tale,Light Novel,12,9292,8.56,NISIO,https://cdn.myanimelist.net/images/manga/2/167366.jpg,https://cdn.myanimelist.net/images/manga/2/167366l.jpg
23390,Attack on Titan,Manga,34,694834,8.56,Isayama,https://cdn.myanimelist.net/images/manga/2/37846.jpg,https://cdn.myanimelist.net/images/manga/2/37846l.jpg
33327,Tokyo Ghoul,Manga,14,568851,8.56,Ishida,https://cdn.myanimelist.net/images/manga/3/114037.jpg,https://cdn.myanimelist.net/images/manga/3/114037l.jpg
87844,The Fable,Manga,22,67564,8.56,Minami,https://cdn.myanimelist.net/images/manga/2/152911.jpg,https://cdn.myanimelist.net/images/manga/2/152911l.jpg
105084,Toilet-Bound Hanako-kun,Manga,NULL,132139,8.56,Aida,https://cdn.myanimelist.net/images/manga/3/192551.jpg,https://cdn.myanimelist.net/images/manga/3/192551l.jpg
22,Rurouni Kenshin: Meiji Swordsman Romantic Story,Manga,28,105053,8.55,Watsuki,https://cdn.myanimelist.net/images/manga/2/127583.jpg,https://cdn.myanimelist.net/images/manga/2/127583l.jpg
3572,Gambling Apocalypse Kaiji,Manga,13,25116,8.55,Fukumoto,https://cdn.myanimelist.net/images/manga/3/286560.jpg,https://cdn.myanimelist.net/images/manga/3/286560l.jpg
28393,Sakamichi no Apollon,Manga,9,34447,8.55,Kodama,https://cdn.myanimelist.net/images/manga/3/254787.webp,https://cdn.myanimelist.net/images/manga/3/254787l.webp
134744,The Legend of the Northern Blade,Manhwa,NULL,58219,8.55,Woogack,https://cdn.myanimelist.net/images/manga/3/243483.jpg,https://cdn.myanimelist.net/images/manga/3/243483l.jpg
113010,Bakemonogatari,Manga,22,45924,8.54,Oh! Great,https://cdn.myanimelist.net/images/manga/2/210355.jpg,https://cdn.myanimelist.net/images/manga/2/210355l.jpg
115506,Bloom into You: Regarding Saeki Sayaka,Light Novel,3,9695,8.54,Iruma,https://cdn.myanimelist.net/images/manga/3/222780.jpg,https://cdn.myanimelist.net/images/manga/3/222780l.jpg
138533,Nan Hao Shang Feng,Manhua,NULL,24919,8.54,Brownie,https://cdn.myanimelist.net/images/manga/1/254654.jpg,https://cdn.myanimelist.net/images/manga/1/254654l.jpg
164926,Webtoon Character Na Kang Lim,Manhwa,NULL,18558,8.54,Lee,https://cdn.myanimelist.net/images/manga/1/292948.jpg,https://cdn.myanimelist.net/images/manga/1/292948l.jpg
102,Fruits Basket,Manga,23,152556,8.54,Takaya,https://cdn.myanimelist.net/images/manga/3/269697.jpg,https://cdn.myanimelist.net/images/manga/3/269697l.jpg
3573,Tobaku Hakairoku Kaiji,Manga,13,13820,8.54,Fukumoto,https://cdn.myanimelist.net/images/manga/1/302202.jpg,https://cdn.myanimelist.net/images/manga/1/302202l.jpg
103237,Wind Breaker,Manhwa,NULL,67592,8.54,Jo,https://cdn.myanimelist.net/images/manga/1/189563.jpg,https://cdn.myanimelist.net/images/manga/1/189563l.jpg
1183,Cross Game,Manga,17,25043,8.53,Adachi,https://cdn.myanimelist.net/images/manga/1/260530.jpg,https://cdn.myanimelist.net/images/manga/1/260530l.jpg
7482,Rainbow: Nisha Rokubou no Shichinin,Manga,22,43512,8.53,Abe,https://cdn.myanimelist.net/images/manga/2/217981.jpg,https://cdn.myanimelist.net/images/manga/2/217981l.jpg
87397,Shiori Experience: Jimi na Watashi to Hen na Ojisan,Manga,NULL,24555,8.53,Osada,https://cdn.myanimelist.net/images/manga/2/151902.jpg,https://cdn.myanimelist.net/images/manga/2/151902l.jpg
88930,The Saga of Tanya the Evil,Light Novel,NULL,27455,8.53,Shinotsuki,https://cdn.myanimelist.net/images/manga/2/155214.jpg,https://cdn.myanimelist.net/images/manga/2/155214l.jpg
104538,I Want to Eat Your Pancreas,Manga,2,52619,8.53,Kirihara,https://cdn.myanimelist.net/images/manga/2/191611.jpg,https://cdn.myanimelist.net/images/manga/2/191611l.jpg
115922,The Eminence in Shadow,Light Novel,NULL,28973,8.53,Touzai,https://cdn.myanimelist.net/images/manga/1/269801.jpg,https://cdn.myanimelist.net/images/manga/1/269801l.jpg
162964,Tune In to the Midnight Heart,Manga,NULL,30645,8.53,Igarashi,https://cdn.myanimelist.net/images/manga/1/293386.jpg,https://cdn.myanimelist.net/images/manga/1/293386l.jpg
170427,The Knight Only Lives Today,Manhwa,NULL,23466,8.53,Soulpung,https://cdn.myanimelist.net/images/manga/1/303264.jpg,https://cdn.myanimelist.net/images/manga/1/303264l.jpg
116312,19 Tian,Manhua,NULL,15744,8.52,Old Xian,https://cdn.myanimelist.net/images/manga/3/258684.jpg,https://cdn.myanimelist.net/images/manga/3/258684l.jpg
166372,Love Bullet,Manga,NULL,21350,8.52,inee,https://cdn.myanimelist.net/images/manga/3/307661.jpg,https://cdn.myanimelist.net/images/manga/3/307661l.jpg
180207,Classroom of the Elite: Year 3,Light Novel,NULL,3371,8.52,Tomose,https://cdn.myanimelist.net/images/manga/1/321473.jpg,https://cdn.myanimelist.net/images/manga/1/321473l.jpg
38071,Spirit Circle,Manga,6,50899,8.52,Mizukami,https://cdn.myanimelist.net/images/manga/2/161198.webp,https://cdn.myanimelist.net/images/manga/2/161198l.webp
88639,"Wake Up, Sleeping Beauty",Manga,6,42210,8.52,Morino,https://cdn.myanimelist.net/images/manga/3/164641.webp,https://cdn.myanimelist.net/images/manga/3/164641l.webp
30,Ouran High School Host Club,Manga,18,137390,8.51,Hatori,https://cdn.myanimelist.net/images/manga/3/267782.jpg,https://cdn.myanimelist.net/images/manga/3/267782l.jpg
974,Basara,Manga,27,28674,8.51,Tamura,https://cdn.myanimelist.net/images/manga/1/185359.jpg,https://cdn.myanimelist.net/images/manga/1/185359l.jpg
18200,Classmates: Sotsu gyo sei,Manga,2,22313,8.51,Nakamura,https://cdn.myanimelist.net/images/manga/3/256465.webp,https://cdn.myanimelist.net/images/manga/3/256465l.webp
79085,Given,Manga,9,71866,8.51,Kizu,https://cdn.myanimelist.net/images/manga/1/172497.jpg,https://cdn.myanimelist.net/images/manga/1/172497l.jpg
87610,That Time I Got Reincarnated as a Slime,Light Novel,23,45315,8.51,Mitz Vah,https://cdn.myanimelist.net/images/manga/3/152383.jpg,https://cdn.myanimelist.net/images/manga/3/152383l.jpg
121504,A Sign of Affection,Manga,NULL,64197,8.51,Morishita,https://cdn.myanimelist.net/images/manga/5/262471.jpg,https://cdn.myanimelist.net/images/manga/5/262471l.jpg
136103,A Home Far Away,Manga,1,7529,8.51,Yatsuda,https://cdn.myanimelist.net/images/manga/1/246458.jpg,https://cdn.myanimelist.net/images/manga/1/246458l.jpg
159387,Mushoku Tensei: Redundant Reincarnation,Light Novel,NULL,4813,8.51,Rifujin na Magonote,https://cdn.myanimelist.net/images/manga/2/283797.jpg,https://cdn.myanimelist.net/images/manga/2/283797l.jpg
112988,Classmates: blanc,Manga,2,10940,8.5,Nakamura,https://cdn.myanimelist.net/images/manga/2/239600.jpg,https://cdn.myanimelist.net/images/manga/2/239600l.jpg
119279,Hirano and Kagiura,Manga,NULL,14134,8.5,Harusono,https://cdn.myanimelist.net/images/manga/2/221355.jpg,https://cdn.myanimelist.net/images/manga/2/221355l.jpg
165876,Houkago Kitaku Biyori,Manga,NULL,12809,8.5,Matsuda,https://cdn.myanimelist.net/images/manga/1/295999.jpg,https://cdn.myanimelist.net/images/manga/1/295999l.jpg
3299,Spice & Wolf,Manga,16,46801,8.5,Koume,https://cdn.myanimelist.net/images/manga/3/153861.jpg,https://cdn.myanimelist.net/images/manga/3/153861l.jpg
25515,JoJo no Kimyou na Bouken Part 8: JoJolion,Manga,27,176342,8.5,Araki,https://cdn.myanimelist.net/images/manga/1/179885.jpg,https://cdn.myanimelist.net/images/manga/1/179885l.jpg
36413,Hinamatsuri,Manga,19,61439,8.5,Ohtake,https://cdn.myanimelist.net/images/manga/3/285804.jpg,https://cdn.myanimelist.net/images/manga/3/285804l.jpg
46282,Chikan Otoko,Manga,NULL,52528,8.5,Yokota,https://cdn.myanimelist.net/images/manga/4/155148.jpg,https://cdn.myanimelist.net/images/manga/4/155148l.jpg
83903,Fate/strange Fake,Light Novel,NULL,11806,8.5,Narita,https://cdn.myanimelist.net/images/manga/3/171596.jpg,https://cdn.myanimelist.net/images/manga/3/171596l.jpg
93753,The Case Study of Vanitas,Manga,NULL,75933,8.5,Mochizuki,https://cdn.myanimelist.net/images/manga/2/176009.jpg,https://cdn.myanimelist.net/images/manga/2/176009l.jpg
1032,Doraemon,Manga,45,18538,8.49,Fujiko,https://cdn.myanimelist.net/images/manga/2/298132.jpg,https://cdn.myanimelist.net/images/manga/2/298132l.jpg
17051,Barakamon,Manga,20,46695,8.49,Yoshino,https://cdn.myanimelist.net/images/manga/1/216099.jpg,https://cdn.myanimelist.net/images/manga/1/216099l.jpg
26704,Descending Stories: Showa Genroku Rakugo Shinju,Manga,10,11608,8.49,Kumota,https://cdn.myanimelist.net/images/manga/2/261416.jpg,https://cdn.myanimelist.net/images/manga/2/261416l.jpg
26728,No.6,Novel,9,23384,8.49,Asano,https://cdn.myanimelist.net/images/manga/2/129825.jpg,https://cdn.myanimelist.net/images/manga/2/129825l.jpg
44307,Blank Canvas: My So-Called Artist's Journey,Manga,5,30601,8.49,Higashimura,https://cdn.myanimelist.net/images/manga/1/154270.jpg,https://cdn.myanimelist.net/images/manga/1/154270l.jpg
100323,Moriarty the Patriot,Manga,NULL,43659,8.49,Takeuchi,https://cdn.myanimelist.net/images/manga/1/186121.jpg,https://cdn.myanimelist.net/images/manga/1/186121l.jpg
138406,"The Tunnel to Summer, the Exit of Goodbyes",Light Novel,1,10160,8.49,Hachimoku,https://cdn.myanimelist.net/images/manga/1/247761.jpg,https://cdn.myanimelist.net/images/manga/1/247761l.jpg
43,Eyeshield 21,Manga,37,83493,8.48,Inagaki,https://cdn.myanimelist.net/images/manga/2/165586.jpg,https://cdn.myanimelist.net/images/manga/2/165586l.jpg
11734,Watashitachi no Shiawase na Jikan,Manga,1,123697,8.48,Yumeka,https://cdn.myanimelist.net/images/manga/3/66993.jpg,https://cdn.myanimelist.net/images/manga/3/66993l.jpg
12854,A Certain Magical Index,Light Novel,22,34500,8.48,Kamachi,https://cdn.myanimelist.net/images/manga/3/176880.webp,https://cdn.myanimelist.net/images/manga/3/176880l.webp
56529,Bungo Stray Dogs,Manga,NULL,104507,8.48,Asagiri,https://cdn.myanimelist.net/images/manga/2/288894.jpg,https://cdn.myanimelist.net/images/manga/2/288894l.jpg
92299,Berserk: Shinen no Kami 2,One Shot,NULL,20763,8.48,Miura,https://cdn.myanimelist.net/images/manga/1/162254.jpg,https://cdn.myanimelist.net/images/manga/1/162254l.jpg
97244,Our Dreams at Dusk: Shimanami Tasogare,Manga,4,71022,8.48,Kamatani,https://cdn.myanimelist.net/images/manga/2/174018.jpg,https://cdn.myanimelist.net/images/manga/2/174018l.jpg
419,Nodame Cantabile,Manga,25,30586,8.47,Ninomiya,https://cdn.myanimelist.net/images/manga/2/153962.jpg,https://cdn.myanimelist.net/images/manga/2/153962l.jpg
4658,Fullmetal Alchemist,Light Novel,6,19098,8.47,Arakawa,https://cdn.myanimelist.net/images/manga/1/202288.jpg,https://cdn.myanimelist.net/images/manga/1/202288l.jpg
7519,Kami nomi zo Shiru Sekai,Manga,26,115714,8.47,Wakaki,https://cdn.myanimelist.net/images/manga/2/188974.jpg,https://cdn.myanimelist.net/images/manga/2/188974l.jpg
93699,Innocent Rouge,Manga,12,37417,8.47,Sakamoto,https://cdn.myanimelist.net/images/manga/1/167646.jpg,https://cdn.myanimelist.net/images/manga/1/167646l.jpg
141120,The Boxer,Manhwa,13,59420,8.47,Jeong,https://cdn.myanimelist.net/images/manga/3/251281.jpg,https://cdn.myanimelist.net/images/manga/3/251281l.jpg
147171,Eleceed,Manhwa,NULL,44601,8.47,Kim,https://cdn.myanimelist.net/images/manga/1/260660.jpg,https://cdn.myanimelist.net/images/manga/1/260660l.jpg
147448,After School Lessons for Unripe Apples,Manhwa,NULL,9934,8.47,Soonkki,https://cdn.myanimelist.net/images/manga/1/261508.jpg,https://cdn.myanimelist.net/images/manga/1/261508l.jpg
119161,Spy x Family,Manga,NULL,338340,8.46,Endou,https://cdn.myanimelist.net/images/manga/3/219741.jpg,https://cdn.myanimelist.net/images/manga/3/219741l.jpg
133641,Villains Are Destined to Die,Manhwa,NULL,49510,8.46,Gwon,https://cdn.myanimelist.net/images/manga/5/303096.jpg,https://cdn.myanimelist.net/images/manga/5/303096l.jpg
167788,Little Mushroom,Manhua,NULL,2030,8.46,Yishisi Zhou,https://cdn.myanimelist.net/images/manga/2/297922.jpg,https://cdn.myanimelist.net/images/manga/2/297922l.jpg
42,Dragon Ball,Manga,42,183964,8.46,Toriyama,https://cdn.myanimelist.net/images/manga/1/267793.jpg,https://cdn.myanimelist.net/images/manga/1/267793l.jpg
658,Blade of the Immortal,Manga,30,92616,8.46,Samura,https://cdn.myanimelist.net/images/manga/1/279869.jpg,https://cdn.myanimelist.net/images/manga/1/279869l.jpg
1111,Buddha,Manga,14,18781,8.46,Tezuka,https://cdn.myanimelist.net/images/manga/3/260394.jpg,https://cdn.myanimelist.net/images/manga/3/260394l.jpg
2895,Forest of Piano,Manga,26,18158,8.46,Isshiki,https://cdn.myanimelist.net/images/manga/1/263148.webp,https://cdn.myanimelist.net/images/manga/1/263148l.webp
3285,Holyland,Manga,18,98649,8.46,Mori,https://cdn.myanimelist.net/images/manga/3/258962.jpg,https://cdn.myanimelist.net/images/manga/3/258962l.jpg
16081,Umineko WHEN THEY CRY Episode 3: Banquet of the Golden Witch,Manga,5,19344,8.46,Natsumi,https://cdn.myanimelist.net/images/manga/2/259980.webp,https://cdn.myanimelist.net/images/manga/2/259980l.webp
29211,Monthly Girls' Nozaki-kun,Manga,NULL,86620,8.46,Tsubaki,https://cdn.myanimelist.net/images/manga/3/208752.jpg,https://cdn.myanimelist.net/images/manga/3/208752l.jpg
94376,Laid-Back Camp,Manga,NULL,22892,8.46,Afro,https://cdn.myanimelist.net/images/manga/1/168083.jpg,https://cdn.myanimelist.net/images/manga/1/168083l.jpg
660,The Rose of Versailles,Manga,10,22918,8.45,Ikeda,https://cdn.myanimelist.net/images/manga/3/271375.jpg,https://cdn.myanimelist.net/images/manga/3/271375l.jpg
1013,Touch,Manga,26,16549,8.45,Adachi,https://cdn.myanimelist.net/images/manga/2/272018.jpg,https://cdn.myanimelist.net/images/manga/2/272018l.jpg
1600,Black Jack,Manga,25,26567,8.45,Tezuka,https://cdn.myanimelist.net/images/manga/1/266117.jpg,https://cdn.myanimelist.net/images/manga/1/266117l.jpg
3571,Ten: Tenhou-doori no Kaidanji,Manga,18,7605,8.45,Fukumoto,https://cdn.myanimelist.net/images/manga/2/260697.jpg,https://cdn.myanimelist.net/images/manga/2/260697l.jpg
6164,My Girl,Manga,5,37535,8.45,Yumeka,https://cdn.myanimelist.net/images/manga/3/259105.jpg,https://cdn.myanimelist.net/images/manga/3/259105l.jpg
98380,Bungo Stray Dogs,Light Novel,NULL,13296,8.45,Asagiri,https://cdn.myanimelist.net/images/manga/3/180919.jpg,https://cdn.myanimelist.net/images/manga/3/180919l.jpg
111213,Bastard,Manhwa,5,153512,8.45,Kim,https://cdn.myanimelist.net/images/manga/1/205549.webp,https://cdn.myanimelist.net/images/manga/1/205549l.webp
121269,Who Made Me a Princess,Manhwa,NULL,68465,8.45,Plutus,https://cdn.myanimelist.net/images/manga/1/222587.jpg,https://cdn.myanimelist.net/images/manga/1/222587l.jpg
138673,Look Back,Manga,1,129859,8.45,Fujimoto,https://cdn.myanimelist.net/images/manga/3/249833.jpg,https://cdn.myanimelist.net/images/manga/3/249833l.jpg
119072,Here U Are,Manhua,NULL,33237,8.44,D Jun,https://cdn.myanimelist.net/images/manga/1/226061.jpg,https://cdn.myanimelist.net/images/manga/1/226061l.jpg
120616,Otherside Picnic,Novel,NULL,4789,8.44,Miyazawa,https://cdn.myanimelist.net/images/manga/2/240259.jpg,https://cdn.myanimelist.net/images/manga/2/240259l.jpg
121213,Insomniacs After School,Manga,14,60865,8.44,Ojiro,https://cdn.myanimelist.net/images/manga/2/221335.jpg,https://cdn.myanimelist.net/images/manga/2/221335l.jpg
121781,Your Name.,Novel,1,11220,8.44,Shinkai,https://cdn.myanimelist.net/images/manga/2/230890.jpg,https://cdn.myanimelist.net/images/manga/2/230890l.jpg
123444,Teito Seihai Kitan: Fate/type Redline,Manga,NULL,18898,8.44,Keikenchi,https://cdn.myanimelist.net/images/manga/2/234884.jpg,https://cdn.myanimelist.net/images/manga/2/234884l.jpg
138481,Too Many Losing Heroines!,Light Novel,NULL,8985,8.44,Imigimuru,https://cdn.myanimelist.net/images/manga/2/248592.jpg,https://cdn.myanimelist.net/images/manga/2/248592l.jpg
144011,Touch within the Abyss,Manga,1,8304,8.44,Mori,https://cdn.myanimelist.net/images/manga/2/269777.jpg,https://cdn.myanimelist.net/images/manga/2/269777l.jpg
743,21st Century Boys,Manga,2,111438,8.44,Urasawa,https://cdn.myanimelist.net/images/manga/2/263856.jpg,https://cdn.myanimelist.net/images/manga/2/263856l.jpg
95012,"So I'm a Spider, So What?",Light Novel,16,31184,8.44,Kiryuu,https://cdn.myanimelist.net/images/manga/2/170075.jpg,https://cdn.myanimelist.net/images/manga/2/170075l.jpg
1315,Boogiepop Series,Light Novel,NULL,13496,8.43,Kadono,https://cdn.myanimelist.net/images/manga/2/208765.jpg,https://cdn.myanimelist.net/images/manga/2/208765l.jpg
1414,SKET Dance,Manga,32,36490,8.43,Shinohara,https://cdn.myanimelist.net/images/manga/1/173959.jpg,https://cdn.myanimelist.net/images/manga/1/173959l.jpg
3807,The Twelve Kingdoms,Light Novel,NULL,11229,8.43,Ono,https://cdn.myanimelist.net/images/manga/3/157938.jpg,https://cdn.myanimelist.net/images/manga/3/157938l.jpg
4625,The Summit of the Gods,Manga,5,20232,8.43,Yumemakura,https://cdn.myanimelist.net/images/manga/2/166336.jpg,https://cdn.myanimelist.net/images/manga/2/166336l.jpg
95243,Re:ZERO -Starting Life in Another World- Ex,Light Novel,NULL,7334,8.43,Nagatsuki,https://cdn.myanimelist.net/images/manga/2/170079.jpg,https://cdn.myanimelist.net/images/manga/2/170079l.jpg
110160,I Had That Same Dream Again,Manga,3,27851,8.43,Kirihara,https://cdn.myanimelist.net/images/manga/3/207726.jpg,https://cdn.myanimelist.net/images/manga/3/207726l.jpg
114745,Blue Lock,Manga,NULL,221926,8.43,Kaneshiro,https://cdn.myanimelist.net/images/manga/5/213340.jpg,https://cdn.myanimelist.net/images/manga/5/213340l.jpg
115730,Shadows House,Manga,NULL,51474,8.43,Soumatou,https://cdn.myanimelist.net/images/manga/2/215750.jpg,https://cdn.myanimelist.net/images/manga/2/215750l.jpg
122906,My Love Mix-Up!,Manga,9,24346,8.43,Aruko,https://cdn.myanimelist.net/images/manga/2/235088.webp,https://cdn.myanimelist.net/images/manga/2/235088l.webp
141833,The Summer Hikaru Died,Manga,NULL,71874,8.43,Mokumokuren,https://cdn.myanimelist.net/images/manga/2/256448.jpg,https://cdn.myanimelist.net/images/manga/2/256448l.jpg
142171,Secrets of the Silent Witch,Light Novel,NULL,4309,8.43,Isora,https://cdn.myanimelist.net/images/manga/3/252848.jpg,https://cdn.myanimelist.net/images/manga/3/252848l.jpg
143325,Lost in the Cloud,Manhwa,NULL,14719,8.43,Kim,https://cdn.myanimelist.net/images/manga/3/260548.webp,https://cdn.myanimelist.net/images/manga/3/260548l.webp
148542,The One Within the Villainess,Manga,6,16295,8.44,Shiraume,https://cdn.myanimelist.net/images/manga/2/263563.jpg,https://cdn.myanimelist.net/images/manga/2/263563l.jpg
155861,The Guy She Was Interested in Wasn't a Guy at All,Manga,NULL,61030,8.43,Arai,https://cdn.myanimelist.net/images/manga/3/288182.jpg,https://cdn.myanimelist.net/images/manga/3/288182l.jpg
116479,Shinsekai yori,Novel,2,3513,8.41,Kishi,https://cdn.myanimelist.net/images/manga/1/248692.jpg,https://cdn.myanimelist.net/images/manga/1/248692l.jpg
135496,Dandadan,Manga,NULL,215115,8.42,Tatsu,https://cdn.myanimelist.net/images/manga/2/248746.jpg,https://cdn.myanimelist.net/images/manga/2/248746l.jpg
156681,"Tsuihou sareru Tabi ni Skill wo Te ni Ireta Ore ga, 100 no Isekai de 2-shuume Musou",Manga,NULL,20227,8.42,Hinoura,https://cdn.myanimelist.net/images/manga/1/278728.jpg,https://cdn.myanimelist.net/images/manga/1/278728l.jpg
895,Full Metal Panic! Sigma,Manga,19,14114,8.42,Gatou,https://cdn.myanimelist.net/images/manga/1/55583.jpg,https://cdn.myanimelist.net/images/manga/1/55583l.jpg
3082,Nichijou,Manga,NULL,46145,8.42,Arawi,https://cdn.myanimelist.net/images/manga/2/308847.webp,https://cdn.myanimelist.net/images/manga/2/308847l.webp
3866,Black Butler,Manga,NULL,171222,8.42,Toboso,https://cdn.myanimelist.net/images/manga/3/248448.jpg,https://cdn.myanimelist.net/images/manga/3/248448l.jpg
48347,Welcome to the Ballroom,Manga,NULL,44216,8.42,Takeuchi,https://cdn.myanimelist.net/images/manga/1/186664.jpg,https://cdn.myanimelist.net/images/manga/1/186664l.jpg
98436,The Saga of Tanya the Evil,Manga,NULL,34536,8.42,Toujou,https://cdn.myanimelist.net/images/manga/3/186468.jpg,https://cdn.myanimelist.net/images/manga/3/186468l.jpg
100922,Blue Giant Supreme,Manga,11,7250,8.42,Ishizuka,https://cdn.myanimelist.net/images/manga/3/193590.jpg,https://cdn.myanimelist.net/images/manga/3/193590l.jpg
102330,Wandering Witch: The Journey of Elaina,Light Novel,NULL,14305,8.42,Azure,https://cdn.myanimelist.net/images/manga/1/212049.jpg,https://cdn.myanimelist.net/images/manga/1/212049l.jpg
85,Azumanga Daioh,Manga,4,61894,8.41,Azuma,https://cdn.myanimelist.net/images/manga/2/259651.jpg,https://cdn.myanimelist.net/images/manga/2/259651l.jpg
768,Battle Angel Alita,Manga,9,93311,8.41,Kishiro,https://cdn.myanimelist.net/images/manga/3/274715.jpg,https://cdn.myanimelist.net/images/manga/3/274715l.jpg
923,From Far Away,Manga,14,18532,8.41,Hikawa,https://cdn.myanimelist.net/images/manga/1/185863.jpg,https://cdn.myanimelist.net/images/manga/1/185863l.jpg
8967,Onanie Master Kurosawa,Manga,4,159087,8.41,Yokota,https://cdn.myanimelist.net/images/manga/3/212092.jpg,https://cdn.myanimelist.net/images/manga/3/212092l.jpg
15306,Takemitsuzamurai,Manga,8,16899,8.41,Matsumoto,https://cdn.myanimelist.net/images/manga/2/199445.jpg,https://cdn.myanimelist.net/images/manga/2/199445l.jpg
16144,Umineko WHEN THEY CRY Episode 4: Alliance of the Golden Witch,Manga,6,18171,8.41,Ryukishi07,https://cdn.myanimelist.net/images/manga/1/259926.jpg,https://cdn.myanimelist.net/images/manga/1/259926l.jpg
42001,Song of the Long March,Manhua,NULL,32762,8.41,Xia,https://cdn.myanimelist.net/images/manga/2/168139.jpg,https://cdn.myanimelist.net/images/manga/2/168139l.jpg
42451,Horimiya,Manga,17,360695,8.41,Hagiwara,https://cdn.myanimelist.net/images/manga/2/245008.jpg,https://cdn.myanimelist.net/images/manga/2/245008l.jpg
48399,No Game No Life,Light Novel,NULL,63370,8.41,Kamiya,https://cdn.myanimelist.net/images/manga/2/188186.jpg,https://cdn.myanimelist.net/images/manga/2/188186l.jpg
99314,Your Name.,Manga,3,99019,8.41,Shinkai,https://cdn.myanimelist.net/images/manga/1/182270.jpg,https://cdn.myanimelist.net/images/manga/1/182270l.jpg
146878,Return of the Blossoming Blade,Manhwa,NULL,40698,8.41,LICO,https://cdn.myanimelist.net/images/manga/2/275074.jpg,https://cdn.myanimelist.net/images/manga/2/275074l.jpg
152024,"Bungo Stray Dogs: Dazai, Chuuya, Age Fifteen",Manga,4,3358,8.4,Asagiri,https://cdn.myanimelist.net/images/manga/1/276010.jpg,https://cdn.myanimelist.net/images/manga/1/276010l.jpg
162733,Welcome to Demon School! Iruma-kun: IruMafia Edition,Manga,NULL,4782,8.4,hiroja,https://cdn.myanimelist.net/images/manga/3/293165.webp,https://cdn.myanimelist.net/images/manga/3/293165l.webp
10,xxxHOLiC,Manga,19,92581,8.4,CLAMP,https://cdn.myanimelist.net/images/manga/3/217533.jpg,https://cdn.myanimelist.net/images/manga/3/217533l.jpg
869,Zatch Bell!,Manga,33,37897,8.4,Raiku,https://cdn.myanimelist.net/images/manga/3/172209.jpg,https://cdn.myanimelist.net/images/manga/3/172209l.jpg
1218,Akagi: Yami ni Oritatta Tensai,Manga,36,16348,8.4,Fukumoto,https://cdn.myanimelist.net/images/manga/2/191155.jpg,https://cdn.myanimelist.net/images/manga/2/191155l.jpg
9548,Higurashi WHEN THEY CRY: Massacre Arc,Manga,6,13490,8.4,Ryukishi07,https://cdn.myanimelist.net/images/manga/4/259908.jpg,https://cdn.myanimelist.net/images/manga/4/259908l.jpg
23571,Sunny,Manga,6,26004,8.4,Matsumoto,https://cdn.myanimelist.net/images/manga/1/151417.webp,https://cdn.myanimelist.net/images/manga/1/151417l.webp
33031,Alice in Borderland,Manga,18,96762,8.4,Aso,https://cdn.myanimelist.net/images/manga/3/137237.jpg,https://cdn.myanimelist.net/images/manga/3/137237l.jpg
90531,Naruto: Itachi's Story,Light Novel,3,13928,8.4,Kishimoto,https://cdn.myanimelist.net/images/manga/2/190847.jpg,https://cdn.myanimelist.net/images/manga/2/190847l.jpg
106,Cardcaptor Sakura,Manga,12,70979,8.39,CLAMP,https://cdn.myanimelist.net/images/manga/3/259289.jpg,https://cdn.myanimelist.net/images/manga/3/259289l.jpg
3575,"The Legend of the Strongest, Kurosawa!",Manga,11,30231,8.39,Fukumoto,https://cdn.myanimelist.net/images/manga/1/262554.jpg,https://cdn.myanimelist.net/images/manga/1/262554l.jpg
25096,Silver Spoon,Manga,15,46949,8.39,Arakawa,https://cdn.myanimelist.net/images/manga/1/231500.jpg,https://cdn.myanimelist.net/images/manga/1/231500l.jpg
48621,Koe no Katachi,One Shot,NULL,63562,8.39,Ooima,https://cdn.myanimelist.net/images/manga/5/86737.jpg,https://cdn.myanimelist.net/images/manga/5/86737l.jpg
104241,Welcome to Demon School! Iruma-kun,Manga,NULL,73512,8.39,Nishi,https://cdn.myanimelist.net/images/manga/1/198066.jpg,https://cdn.myanimelist.net/images/manga/1/198066l.jpg
401,Parasyte,Manga,10,112624,8.38,Iwaaki,https://cdn.myanimelist.net/images/manga/2/188928.jpg,https://cdn.myanimelist.net/images/manga/2/188928l.jpg
762,Tokyo Crazy Paradise,Manga,19,20298,8.38,Nakamura,https://cdn.myanimelist.net/images/manga/3/253309.jpg,https://cdn.myanimelist.net/images/manga/3/253309l.jpg
2921,Maid-sama!,Manga,18,175101,8.38,Fujiwara,https://cdn.myanimelist.net/images/manga/3/267328.jpg,https://cdn.myanimelist.net/images/manga/3/267328l.jpg
15547,Kiichi VS,Manga,11,4493,8.38,Arai,https://cdn.myanimelist.net/images/manga/2/269277.jpg,https://cdn.myanimelist.net/images/manga/2/269277l.jpg
16816,Durarara!!,Light Novel,13,29148,8.38,Narita,https://cdn.myanimelist.net/images/manga/3/286574.jpg,https://cdn.myanimelist.net/images/manga/3/286574l.jpg
37755,Saiki Kusuo no Ψ-nan,Manga,26,38630,8.38,Asou,https://cdn.myanimelist.net/images/manga/2/179613.jpg,https://cdn.myanimelist.net/images/manga/2/179613l.jpg
39325,Erased,Manga,9,95701,8.38,Sanbe,https://cdn.myanimelist.net/images/manga/1/172082.jpg,https://cdn.myanimelist.net/images/manga/1/172082l.jpg
47825,Steins;Gate: Aishin Meizu no Babel,Manga,4,5500,8.38,Nitroplus,https://cdn.myanimelist.net/images/manga/2/84307.jpg,https://cdn.myanimelist.net/images/manga/2/84307l.jpg
49835,Is the Order a Rabbit?,Manga,NULL,8445,8.38,Koi,https://cdn.myanimelist.net/images/manga/2/205168.jpg,https://cdn.myanimelist.net/images/manga/2/205168l.jpg
58141,The world of Machida-kun,Manga,7,34958,8.38,Andou,https://cdn.myanimelist.net/images/manga/3/168062.jpg,https://cdn.myanimelist.net/images/manga/3/168062l.jpg
112370,Spirit Fingers,Manhwa,13,9984,8.38,Han,https://cdn.myanimelist.net/images/manga/2/206123.jpg,https://cdn.myanimelist.net/images/manga/2/206123l.jpg
137939,Orb: On the Movements of the Earth,Manga,8,17750,8.38,Uoto,https://cdn.myanimelist.net/images/manga/2/246956.jpg,https://cdn.myanimelist.net/images/manga/2/246956l.jpg
154587,Pick Me Up,Manhwa,NULL,41605,8.38,Wasakbasak,https://cdn.myanimelist.net/images/manga/2/337180.jpg,https://cdn.myanimelist.net/images/manga/2/337180l.jpg
139629,JoJo's Bizarre Adventure Part 9: The JoJoLands,Manga,NULL,56839,8.37,Araki,https://cdn.myanimelist.net/images/manga/1/286969.webp,https://cdn.myanimelist.net/images/manga/1/286969l.webp
704,Trigun Maximum,Manga,14,35324,8.37,Nightow,https://cdn.myanimelist.net/images/manga/3/55331.jpg,https://cdn.myanimelist.net/images/manga/3/55331l.jpg
1075,7 Seeds,Manga,35,28056,8.37,Tamura,https://cdn.myanimelist.net/images/manga/3/196607.jpg,https://cdn.myanimelist.net/images/manga/3/196607l.jpg
1262,Higurashi WHEN THEY CRY: Eye Opening Arc,Manga,4,18335,8.37,Houjou,https://cdn.myanimelist.net/images/manga/5/259917.jpg,https://cdn.myanimelist.net/images/manga/5/259917l.jpg
1263,Higurashi WHEN THEY CRY: Atonement Arc,Manga,4,15172,8.37,Suzuragi,https://cdn.myanimelist.net/images/manga/2/259918.jpg,https://cdn.myanimelist.net/images/manga/2/259918l.jpg
8586,The Breaker,Manhwa,10,151364,8.37,Park,https://cdn.myanimelist.net/images/manga/2/270151.jpg,https://cdn.myanimelist.net/images/manga/2/270151l.jpg
9711,Bakuman。,Manga,20,186597,8.37,Obata,https://cdn.myanimelist.net/images/manga/1/208974.jpg,https://cdn.myanimelist.net/images/manga/1/208974l.jpg
16922,Gakuen Babysitters,Manga,NULL,27328,8.37,Tokeino,https://cdn.myanimelist.net/images/manga/1/161858.jpg,https://cdn.myanimelist.net/images/manga/1/161858l.jpg
24692,Noragami: Stray God,Manga,27,199574,8.37,Adachitoka,https://cdn.myanimelist.net/images/manga/3/161911.jpg,https://cdn.myanimelist.net/images/manga/3/161911l.jpg
40761,Wolf Children: Ame & Yuki,Manga,3,27648,8.37,Hosoda,https://cdn.myanimelist.net/images/manga/3/165496.jpg,https://cdn.myanimelist.net/images/manga/3/165496l.jpg
62795,Tomodachi Game,Manga,26,96914,8.37,Yamaguchi,https://cdn.myanimelist.net/images/manga/1/302138.jpg,https://cdn.myanimelist.net/images/manga/1/302138l.jpg
84983,Chichi to Hige-Gorilla to Watashi,Manga,7,9855,8.37,Koike,https://cdn.myanimelist.net/images/manga/2/147377.jpg,https://cdn.myanimelist.net/images/manga/2/147377l.jpg
87609,That Time I Got Reincarnated as a Slime,Manga,NULL,149290,8.37,Kawakami,https://cdn.myanimelist.net/images/manga/3/167639.jpg,https://cdn.myanimelist.net/images/manga/3/167639l.jpg
87953,Shousetsu Akatsuki no Yona: Onaji Tsuki no Shita de,Light Novel,1,13773,8.37,Kusanagi,https://cdn.myanimelist.net/images/manga/2/153038.jpg,https://cdn.myanimelist.net/images/manga/2/153038l.jpg
915,Rookies,Manga,24,28317,8.36,Morita,https://cdn.myanimelist.net/images/manga/1/153289.jpg,https://cdn.myanimelist.net/images/manga/1/153289l.jpg
4453,Shoulder-a-Coffin Kuro,Manga,7,8751,8.36,Kiyuzuki,https://cdn.myanimelist.net/images/manga/1/181391.jpg,https://cdn.myanimelist.net/images/manga/1/181391l.jpg
22651,The Breaker: New Waves,Manhwa,20,98594,8.36,Park,https://cdn.myanimelist.net/images/manga/1/62105.jpg,https://cdn.myanimelist.net/images/manga/1/62105l.jpg
24464,Kyoukaisenjou no Horizon,Light Novel,29,7103,8.36,Kawakami,https://cdn.myanimelist.net/images/manga/3/216457.jpg,https://cdn.myanimelist.net/images/manga/3/216457l.jpg
61189,The Ancient Magus' Bride,Manga,NULL,99258,8.36,Yamazaki,https://cdn.myanimelist.net/images/manga/3/121263.webp,https://cdn.myanimelist.net/images/manga/3/121263l.webp
62023,Mushishi Tokubetsu-hen: Hihamukage,Manga,1,6953,8.36,Urushibara,https://cdn.myanimelist.net/images/manga/2/123403.webp,https://cdn.myanimelist.net/images/manga/2/123403l.webp
89087,Wotakoi: Love Is Hard for Otaku,Manga,11,151152,8.36,Fujita,https://cdn.myanimelist.net/images/manga/3/155740.jpg,https://cdn.myanimelist.net/images/manga/3/155740l.jpg
106602,Bleach: Can't Fear Your Own World,Light Novel,3,10580,8.36,Kubo,https://cdn.myanimelist.net/images/manga/1/291343.jpg,https://cdn.myanimelist.net/images/manga/1/291343l.jpg
112774,A Man & His Cat,Manga,NULL,25091,8.36,Sakurai,https://cdn.myanimelist.net/images/manga/2/208216.jpg,https://cdn.myanimelist.net/images/manga/2/208216l.jpg
113819,Violet Evergarden Gaiden,Light Novel,1,4849,8.36,Akatsuki,https://cdn.myanimelist.net/images/manga/2/224184.jpg,https://cdn.myanimelist.net/images/manga/2/224184l.jpg
119282,Welcome to the N.H.K.,Novel,1,8614,8.36,Takimoto,https://cdn.myanimelist.net/images/manga/1/248549.jpg,https://cdn.myanimelist.net/images/manga/1/248549l.jpg
138424,I'm in Love with the Villainess,Light Novel,NULL,8622,8.36,Inori.,https://cdn.myanimelist.net/images/manga/1/253475.jpg,https://cdn.myanimelist.net/images/manga/1/253475l.jpg
115122,I Want to Love You Till Your Dying Day,Manga,NULL,19834,8.35,Aono,https://cdn.myanimelist.net/images/manga/1/215753.jpg,https://cdn.myanimelist.net/images/manga/1/215753l.jpg
117020,How Do We Relationship?,Manga,14,27093,8.35,Tamifull,https://cdn.myanimelist.net/images/manga/1/221553.jpg,https://cdn.myanimelist.net/images/manga/1/221553l.jpg
135545,Blue Box,Manga,NULL,103639,8.35,Miura,https://cdn.myanimelist.net/images/manga/2/248748.jpg,https://cdn.myanimelist.net/images/manga/2/248748l.jpg
154545,Youkoso Jitsuryoku Shijou Shugi no Kyoushitsu e 0,Light Novel,1,3456,8.35,Tomose,https://cdn.myanimelist.net/images/manga/2/295562.jpg,https://cdn.myanimelist.net/images/manga/2/295562l.jpg
18,Kodocha: Sana's Stage,Manga,10,25458,8.35,Obana,https://cdn.myanimelist.net/images/manga/1/267715.jpg,https://cdn.myanimelist.net/images/manga/1/267715l.jpg
320,Gakuen Alice,Manga,31,46082,8.35,Higuchi,https://cdn.myanimelist.net/images/manga/2/269701.jpg,https://cdn.myanimelist.net/images/manga/2/269701l.jpg
735,Black Lagoon,Manga,NULL,63079,8.35,Hiroe,https://cdn.myanimelist.net/images/manga/1/227037.jpg,https://cdn.myanimelist.net/images/manga/1/227037l.jpg
936,Homunculus,Manga,15,173197,8.35,Yamamoto,https://cdn.myanimelist.net/images/manga/1/318.jpg,https://cdn.myanimelist.net/images/manga/1/318l.jpg
1009,Honey and Clover,Manga,10,27622,8.35,Umino,https://cdn.myanimelist.net/images/manga/3/184591.jpg,https://cdn.myanimelist.net/images/manga/3/184591l.jpg
1047,Saint Seiya: The Lost Canvas - Meiou Shinwa,Manga,25,18892,8.35,Kurumada,https://cdn.myanimelist.net/images/manga/5/163126.jpg,https://cdn.myanimelist.net/images/manga/5/163126l.jpg
81117,Tokyo Ghoul:re,Manga,16,324750,8.35,Ishida,https://cdn.myanimelist.net/images/manga/3/145997.webp,https://cdn.myanimelist.net/images/manga/3/145997l.webp
90810,Nogi Wakaba wa Yuusha de Aru,Light Novel,2,5569,8.35,BUNBUN,https://cdn.myanimelist.net/images/manga/1/194780.jpg,https://cdn.myanimelist.net/images/manga/1/194780l.jpg
93516,SQ: Begin W/Your Name!,Manhua,1,69498,8.35,Tanjiu,https://cdn.myanimelist.net/images/manga/3/165495.jpg,https://cdn.myanimelist.net/images/manga/3/165495l.jpg
93972,"The Girl From the Other Side: Siúil, a Rún",Manga,11,91547,8.35,Nagabe,https://cdn.myanimelist.net/images/manga/1/173926.webp,https://cdn.myanimelist.net/images/manga/1/173926l.webp
106809,From Now On We Begin Ethics.,Manga,10,33569,8.35,Amase,https://cdn.myanimelist.net/images/manga/1/286829.jpg,https://cdn.myanimelist.net/images/manga/1/286829l.jpg
31,Love★Com,Manga,17,70406,8.34,Nakahara,https://cdn.myanimelist.net/images/manga/1/209659.jpg,https://cdn.myanimelist.net/images/manga/1/209659l.jpg
158,Ghost Hunt,Manga,12,18067,8.34,Inada,https://cdn.myanimelist.net/images/manga/2/181311.jpg,https://cdn.myanimelist.net/images/manga/2/181311l.jpg
443,Mars,Manga,15,39569,8.34,Souryo,https://cdn.myanimelist.net/images/manga/1/191262.jpg,https://cdn.myanimelist.net/images/manga/1/191262l.jpg
2924,Historié,Manga,NULL,29379,8.34,Iwaaki,https://cdn.myanimelist.net/images/manga/2/167504.jpg,https://cdn.myanimelist.net/images/manga/2/167504l.jpg
43921,Sword Art Online: Progressive,Light Novel,NULL,24252,8.34,BUNBUN,https://cdn.myanimelist.net/images/manga/2/77447.jpg,https://cdn.myanimelist.net/images/manga/2/77447l.jpg
141043,Wait for Me Yesterday in Spring,Light Novel,1,4416,8.34,Hachimoku,https://cdn.myanimelist.net/images/manga/2/264712.jpg,https://cdn.myanimelist.net/images/manga/2/264712l.jpg
122663,Tower of God,Manhwa,NULL,213550,8.33,SIU,https://cdn.myanimelist.net/images/manga/2/223694.jpg,https://cdn.myanimelist.net/images/manga/2/223694l.jpg
29,Paradise Kiss,Manga,5,61940,8.33,Yazawa,https://cdn.myanimelist.net/images/manga/1/262323.webp,https://cdn.myanimelist.net/images/manga/1/262323l.webp
79,Red River,Manga,28,27800,8.33,Shinohara,https://cdn.myanimelist.net/images/manga/2/341501.jpg,https://cdn.myanimelist.net/images/manga/2/341501l.jpg
3042,SoreMachi: And Yet the Town Moves,Manga,16,12600,8.33,Ishiguro,https://cdn.myanimelist.net/images/manga/1/185090.jpg,https://cdn.myanimelist.net/images/manga/1/185090l.jpg
7776,A Certain Scientific Railgun,Manga,21,32421,8.33,Kamachi,https://cdn.myanimelist.net/images/manga/1/149212.jpg,https://cdn.myanimelist.net/images/manga/1/149212l.jpg
10552,Lucifer and the Biscuit Hammer,Manga,10,62983,8.33,Mizukami,https://cdn.myanimelist.net/images/manga/3/56421.jpg,https://cdn.myanimelist.net/images/manga/3/56421l.jpg
12471,Daichouhen Doraemon,Manga,24,5010,8.33,Fujiko,https://cdn.myanimelist.net/images/manga/2/287919.jpg,https://cdn.myanimelist.net/images/manga/2/287919l.jpg
14236,Love So Life,Manga,17,62752,8.33,Kouchi,https://cdn.myanimelist.net/images/manga/2/269699.jpg,https://cdn.myanimelist.net/images/manga/2/269699l.jpg
21054,Touhou Ibara Kasen: Wild and Horned Hermit.,Manga,10,9618,8.33,ZUN,https://cdn.myanimelist.net/images/manga/3/149288.jpg,https://cdn.myanimelist.net/images/manga/3/149288l.jpg
56755,Grimgar of Fantasy and Ash,Light Novel,NULL,25003,8.33,Jyumonji,https://cdn.myanimelist.net/images/manga/2/174954.jpg,https://cdn.myanimelist.net/images/manga/2/174954l.jpg
77609,Seaside Stranger: Harukaze no Etranger,Manga,NULL,25666,8.33,Kii,https://cdn.myanimelist.net/images/manga/2/173314.jpg,https://cdn.myanimelist.net/images/manga/2/173314l.jpg
80091,"My Youth Romantic Comedy Is Wrong, As I Expected @comic",Manga,22,12770,8.33,Watari,https://cdn.myanimelist.net/images/manga/3/138503.webp,https://cdn.myanimelist.net/images/manga/3/138503l.webp
91209,Gekijouban Gintama: Kanketsu-hen - Yorozuya yo Eien Nare,Light Novel,1,1893,8.33,Sorachi,https://cdn.myanimelist.net/images/manga/2/160222.jpg,https://cdn.myanimelist.net/images/manga/2/160222l.jpg
98379,Bungo Stray Dogs: Wan!,Manga,NULL,8431,8.33,Kanai,https://cdn.myanimelist.net/images/manga/2/184355.jpg,https://cdn.myanimelist.net/images/manga/2/184355l.jpg
108495,NieR:Automata,Novel,3,13911,8.33,Eishima,https://cdn.myanimelist.net/images/manga/2/243834.jpg,https://cdn.myanimelist.net/images/manga/2/243834l.jpg
375,Initial D,Manga,48,35489,8.32,Shigeno,https://cdn.myanimelist.net/images/manga/2/186990.jpg,https://cdn.myanimelist.net/images/manga/2/186990l.jpg
3281,Barefoot Gen,Manga,10,13937,8.32,Nakazawa,https://cdn.myanimelist.net/images/manga/3/272017.jpg,https://cdn.myanimelist.net/images/manga/3/272017l.jpg
3378,Kimi ni Todoke: From Me to You,Manga,30,132958,8.32,Shiina,https://cdn.myanimelist.net/images/manga/1/168283.jpg,https://cdn.myanimelist.net/images/manga/1/168283l.jpg
9699,Classmates,Manga,1,44870,8.32,Nakamura,https://cdn.myanimelist.net/images/manga/3/256467.webp,https://cdn.myanimelist.net/images/manga/3/256467l.webp
36131,Fate/kaleid liner Prisma☆Illya 3rei!!,Manga,NULL,11651,8.32,Hiroyama,https://cdn.myanimelist.net/images/manga/3/271628.jpg,https://cdn.myanimelist.net/images/manga/3/271628l.jpg
56743,Is It Wrong to Try to Pick Up Girls in a Dungeon?,Light Novel,NULL,32357,8.32,Yasuda,https://cdn.myanimelist.net/images/manga/1/186978.webp,https://cdn.myanimelist.net/images/manga/1/186978l.webp
80281,Girls & Panzer: Ribbon no Musha,Manga,16,4751,8.32,Nogami,https://cdn.myanimelist.net/images/manga/2/277604.jpg,https://cdn.myanimelist.net/images/manga/2/277604l.jpg
105347,Date A Live Fragment: Date A Bullet,Light Novel,8,3626,8.32,Higashide,https://cdn.myanimelist.net/images/manga/1/193018.jpg,https://cdn.myanimelist.net/images/manga/1/193018l.jpg
106204,The Witch and the Beast,Manga,10,24701,8.32,Satake,https://cdn.myanimelist.net/images/manga/1/200778.jpg,https://cdn.myanimelist.net/images/manga/1/200778l.jpg
107548,Steins;Gate 0,Manga,6,7132,8.32,Himeno,https://cdn.myanimelist.net/images/manga/1/208537.jpg,https://cdn.myanimelist.net/images/manga/1/208537l.jpg
120250,Ponkotsu Ponko,Manga,10,14792,8.32,Yatera,https://cdn.myanimelist.net/images/manga/1/220644.webp,https://cdn.myanimelist.net/images/manga/1/220644l.webp
149493,Daytime Star,Manhwa,NULL,12746,8.32,Chae-eun,https://cdn.myanimelist.net/images/manga/2/265157.jpg,https://cdn.myanimelist.net/images/manga/2/265157l.jpg
111229,Don't Call It Mystery,Manga,NULL,14212,8.31,Tamura,https://cdn.myanimelist.net/images/manga/2/206107.jpg,https://cdn.myanimelist.net/images/manga/2/206107l.jpg
118737,Her Tale of Shim Chong,Manhwa,7,12534,8.31,seri,https://cdn.myanimelist.net/images/manga/1/229462.jpg,https://cdn.myanimelist.net/images/manga/1/229462l.jpg
119392,Boy Meets Maria,Manga,1,33087,8.31,Eguchi,https://cdn.myanimelist.net/images/manga/1/225981.jpg,https://cdn.myanimelist.net/images/manga/1/225981l.jpg
147692,I Shall Master This Family,Manhwa,NULL,23744,8.31,Kim,https://cdn.myanimelist.net/images/manga/3/274102.jpg,https://cdn.myanimelist.net/images/manga/3/274102l.jpg
9,Tsubasa: RESERVoir CHRoNiCLE,Manga,28,86035,8.31,CLAMP,https://cdn.myanimelist.net/images/manga/1/272410.jpg,https://cdn.myanimelist.net/images/manga/1/272410l.jpg
57,Hana-Kimi: For You in Full Blossom,Manga,23,40168,8.31,Nakajo,https://cdn.myanimelist.net/images/manga/3/262555.webp,https://cdn.myanimelist.net/images/manga/3/262555l.webp
128,Pet Shop of Horrors,Manga,10,38607,8.31,Akino,https://cdn.myanimelist.net/images/manga/5/212566.webp,https://cdn.myanimelist.net/images/manga/5/212566l.webp
149,Blame!,Manga,10,183411,8.31,Nihei,https://cdn.myanimelist.net/images/manga/1/174389.jpg,https://cdn.myanimelist.net/images/manga/1/174389l.jpg
1014,H2,Manga,34,13789,8.31,Adachi,https://cdn.myanimelist.net/images/manga/1/306875.jpg,https://cdn.myanimelist.net/images/manga/1/306875l.jpg
1061,Case Closed,Manga,NULL,65366,8.31,Aoyama,https://cdn.myanimelist.net/images/manga/1/97267.jpg,https://cdn.myanimelist.net/images/manga/1/97267l.jpg
5651,Crows,Manga,26,30859,8.31,Takahashi,https://cdn.myanimelist.net/images/manga/1/257945.jpg,https://cdn.myanimelist.net/images/manga/1/257945l.jpg
7458,Death Note Another Note: The Los Angeles BB Murder Cases,Novel,1,38854,8.31,Obata,https://cdn.myanimelist.net/images/manga/1/253578.jpg,https://cdn.myanimelist.net/images/manga/1/253578l.jpg
267,Hellsing,Manga,10,107772,8.3,Hirano,https://cdn.myanimelist.net/images/manga/3/267321.jpg,https://cdn.myanimelist.net/images/manga/3/267321l.jpg
838,Angel Densetsu,Manga,15,64414,8.3,Yagi,https://cdn.myanimelist.net/images/manga/2/164490.jpg,https://cdn.myanimelist.net/images/manga/2/164490l.jpg
4258,With the Light: Raising an Autistic Child,Manga,15,7035,8.3,Tobe,https://cdn.myanimelist.net/images/manga/3/179208.jpg,https://cdn.myanimelist.net/images/manga/3/179208l.jpg
6520,Hana to Akuma,Manga,10,46321,8.3,Oto,https://cdn.myanimelist.net/images/manga/3/262244.jpg,https://cdn.myanimelist.net/images/manga/3/262244l.jpg
9738,Higurashi WHEN THEY CRY: Festival Accompanying Arc,Manga,8,11874,8.3,Suzuragi,https://cdn.myanimelist.net/images/manga/5/259909.jpg,https://cdn.myanimelist.net/images/manga/5/259909l.jpg
10884,Ace of the Diamond,Manga,47,27863,8.3,Terajima,https://cdn.myanimelist.net/images/manga/1/14653.jpg,https://cdn.myanimelist.net/images/manga/1/14653l.jpg
26144,The Daily Lives of High School Boys,Manga,7,28678,8.3,Yamauchi,https://cdn.myanimelist.net/images/manga/3/200703.jpg,https://cdn.myanimelist.net/images/manga/3/200703l.jpg
96044,Taishou Otome Otogibanashi,Manga,5,28595,8.3,Kirioka,https://cdn.myanimelist.net/images/manga/2/173765.jpg,https://cdn.myanimelist.net/images/manga/2/173765l.jpg
118568,Bocchi the Rock!,Manga,NULL,32314,8.3,Hamaji,https://cdn.myanimelist.net/images/manga/2/224954.jpg,https://cdn.myanimelist.net/images/manga/2/224954l.jpg
130331,Shangri-La Frontier,Manga,NULL,33369,8.3,Fuji,https://cdn.myanimelist.net/images/manga/3/235471.jpg,https://cdn.myanimelist.net/images/manga/3/235471l.jpg
140295,"She Loves to Cook, and She Loves to Eat",Manga,NULL,9279,8.3,Yuzaki,https://cdn.myanimelist.net/images/manga/1/250171.jpg,https://cdn.myanimelist.net/images/manga/1/250171l.jpg
147986,The Spark in Your Eyes,Manhwa,NULL,9771,8.3,Muro,https://cdn.myanimelist.net/images/manga/2/262618.jpg,https://cdn.myanimelist.net/images/manga/2/262618l.jpg
148137,Leviathan,Manhwa,9,26582,8.3,Noh,https://cdn.myanimelist.net/images/manga/3/265669.jpg,https://cdn.myanimelist.net/images/manga/3/265669l.jpg
163455,Phantom Busters,Manga,NULL,13902,8.3,shoco,https://cdn.myanimelist.net/images/manga/3/292885.jpg,https://cdn.myanimelist.net/images/manga/3/292885l.jpg
168586,Lord of Mysteries 2: Circle of Inevitability,Novel,NULL,2413,8.3,Ai Qianshui de Wuzei,https://cdn.myanimelist.net/images/manga/1/312507.jpg,https://cdn.myanimelist.net/images/manga/1/312507l.jpg
168980,"Myst, Might, Mayhem",Manhwa,NULL,15042,8.3,Kim,https://cdn.myanimelist.net/images/manga/3/300118.jpg,https://cdn.myanimelist.net/images/manga/3/300118l.jpg
112807,The Dangers in My Heart,Manga,NULL,69224,8.29,Sakurai,https://cdn.myanimelist.net/images/manga/3/213349.jpg,https://cdn.myanimelist.net/images/manga/3/213349l.jpg
131338,Whale Star: The Gyeongseong Mermaid,Manhwa,6,5208,8.29,Na,https://cdn.myanimelist.net/images/manga/3/237965.jpg,https://cdn.myanimelist.net/images/manga/3/237965l.jpg
134997,I Had That Same Dream Again,Novel,1,5623,8.29,Sumino,https://cdn.myanimelist.net/images/manga/3/248749.jpg,https://cdn.myanimelist.net/images/manga/3/248749l.jpg
145496,Snow Fairy,Manga,1,5717,8.29,Serizawa,https://cdn.myanimelist.net/images/manga/3/257952.jpg,https://cdn.myanimelist.net/images/manga/3/257952l.jpg
146909,SSS-Class Revival Hunter,Manhwa,NULL,64346,8.29,Bill K,https://cdn.myanimelist.net/images/manga/1/263446.jpg,https://cdn.myanimelist.net/images/manga/1/263446l.jpg
24,D.Gray-man,Manga,NULL,172113,8.29,Hoshino,https://cdn.myanimelist.net/images/manga/3/240470.jpg,https://cdn.myanimelist.net/images/manga/3/240470l.jpg
445,GTO: The Early Years,Manga,31,25740,8.29,Fujisawa,https://cdn.myanimelist.net/images/manga/2/216051.jpg,https://cdn.myanimelist.net/images/manga/2/216051l.jpg
583,Claymore,Manga,27,226817,8.29,Yagi,https://cdn.myanimelist.net/images/manga/2/255378.jpg,https://cdn.myanimelist.net/images/manga/2/255378l.jpg
736,Blade of the Phantom Master,Manga,17,37556,8.29,Yoon,https://cdn.myanimelist.net/images/manga/1/161805.jpg,https://cdn.myanimelist.net/images/manga/1/161805l.jpg
1297,Iryuu: Team Medical Dragon,Manga,25,14904,8.29,Nagai,https://cdn.myanimelist.net/images/manga/2/197743.jpg,https://cdn.myanimelist.net/images/manga/2/197743l.jpg
4423,Oooku: The Inner Chambers,Manga,19,13612,8.29,Yoshinaga,https://cdn.myanimelist.net/images/manga/1/284375.webp,https://cdn.myanimelist.net/images/manga/1/284375l.webp
8557,Kimi to Boku.,Manga,17,12471,8.29,Hotta,https://cdn.myanimelist.net/images/manga/5/112375.jpg,https://cdn.myanimelist.net/images/manga/5/112375l.jpg
17552,Non Non Biyori,Manga,16,13809,8.29,Atto,https://cdn.myanimelist.net/images/manga/2/57729.jpg,https://cdn.myanimelist.net/images/manga/2/57729l.jpg
35573,Orange,Manga,7,171799,8.29,Takano,https://cdn.myanimelist.net/images/manga/2/153742.jpg,https://cdn.myanimelist.net/images/manga/2/153742l.jpg
44523,Forbidden Scrollery,Manga,7,9672,8.29,ZUN,https://cdn.myanimelist.net/images/manga/2/198717.jpg,https://cdn.myanimelist.net/images/manga/2/198717l.jpg
57791,Canis,Manga,NULL,12765,8.29,Ishie,https://cdn.myanimelist.net/images/manga/2/286723.jpg,https://cdn.myanimelist.net/images/manga/2/286723l.jpg
348,Genshiken,Manga,21,44974,8.28,Kio,https://cdn.myanimelist.net/images/manga/3/161681.jpg,https://cdn.myanimelist.net/images/manga/3/161681l.jpg
481,Planetes,Manga,4,64496,8.28,Yukimura,https://cdn.myanimelist.net/images/manga/3/170572.jpg,https://cdn.myanimelist.net/images/manga/3/170572l.jpg
1461,Sanctuary,Manga,12,39216,8.28,Ikegami,https://cdn.myanimelist.net/images/manga/1/170458.jpg,https://cdn.myanimelist.net/images/manga/1/170458l.jpg
14790,Magi: The Labyrinth of Magic,Manga,37,165006,8.28,Ohtaka,https://cdn.myanimelist.net/images/manga/3/282487.jpg,https://cdn.myanimelist.net/images/manga/3/282487l.jpg
37523,Date A Live,Light Novel,22,21175,8.28,Tachibana,https://cdn.myanimelist.net/images/manga/3/165177.jpg,https://cdn.myanimelist.net/images/manga/3/165177l.jpg
47022,Sakamichi no Apollon: Bonus Track,Manga,1,7331,8.28,Kodama,https://cdn.myanimelist.net/images/manga/2/82944.jpg,https://cdn.myanimelist.net/images/manga/2/82944l.jpg
72025,Kengan Ashura,Manga,27,66194,8.28,Daromeon,https://cdn.myanimelist.net/images/manga/1/210808.jpg,https://cdn.myanimelist.net/images/manga/1/210808l.jpg
91514,Boarding School Juliet,Manga,16,69580,8.28,Kaneda,https://cdn.myanimelist.net/images/manga/3/188967.jpg,https://cdn.myanimelist.net/images/manga/3/188967l.jpg
92252,Koimonogatari: Love Stories,Manga,NULL,16805,8.28,Tagura,https://cdn.myanimelist.net/images/manga/2/211855.jpg,https://cdn.myanimelist.net/images/manga/2/211855l.jpg
102343,To Your Eternity,Manga,25,116116,8.28,Ooima,https://cdn.myanimelist.net/images/manga/3/189781.jpg,https://cdn.myanimelist.net/images/manga/3/189781l.jpg
108566,The Demon Girl Next Door,Manga,6,11628,8.28,Ito,https://cdn.myanimelist.net/images/manga/2/215892.jpg,https://cdn.myanimelist.net/images/manga/2/215892l.jpg
110031,Summertime Rendering,Manga,13,62831,8.28,Tanaka,https://cdn.myanimelist.net/images/manga/3/261167.jpg,https://cdn.myanimelist.net/images/manga/3/261167l.jpg
112115,Act-age,Manga,12,57019,8.28,Matsuki,https://cdn.myanimelist.net/images/manga/2/209753.jpg,https://cdn.myanimelist.net/images/manga/2/209753l.jpg
114793,Rojica & Rakkasei,Manga,3,9229,8.28,Kinome,https://cdn.myanimelist.net/images/manga/2/250608.jpg,https://cdn.myanimelist.net/images/manga/2/250608l.jpg
124470,"Re:ZERO -Starting Life in Another World-, Chapter 4: The Sanctuary and the Witch of Greed",Manga,NULL,6392,8.28,Atori,https://cdn.myanimelist.net/images/manga/2/227408.jpg,https://cdn.myanimelist.net/images/manga/2/227408l.jpg
127221,Wolf Children: Ame & Yuki,Novel,1,3661,8.28,Hosoda,https://cdn.myanimelist.net/images/manga/3/230853.jpg,https://cdn.myanimelist.net/images/manga/3/230853l.jpg
172605,Little Mushroom,Novel,2,870,8.28,Yishisi Zhou,https://cdn.myanimelist.net/images/manga/3/307581.jpg,https://cdn.myanimelist.net/images/manga/3/307581l.jpg
114787,Shin High School DxD,Light Novel,NULL,5560,8.27,Ishibumi,https://cdn.myanimelist.net/images/manga/3/210424.jpg,https://cdn.myanimelist.net/images/manga/3/210424l.jpg
162158,Murderous Lewellyn's Candlelit Dinner,Manhwa,6,3514,8.27,Sumnagi,https://cdn.myanimelist.net/images/manga/3/287569.jpg,https://cdn.myanimelist.net/images/manga/3/287569l.jpg
174045,I Love Amy,Manhwa,4,7217,8.27,Unni,https://cdn.myanimelist.net/images/manga/2/311477.jpg,https://cdn.myanimelist.net/images/manga/2/311477l.jpg
585,Wandering Son,Manga,15,32553,8.27,Shimura,https://cdn.myanimelist.net/images/manga/1/208988.jpg,https://cdn.myanimelist.net/images/manga/1/208988l.jpg
994,Ookiku Furikabutte,Manga,NULL,11111,8.27,Higuchi,https://cdn.myanimelist.net/images/manga/2/255072.jpg,https://cdn.myanimelist.net/images/manga/2/255072l.jpg
1208,Silver Diamond,Manga,27,9958,8.27,Sugiura,https://cdn.myanimelist.net/images/manga/3/190777.jpg,https://cdn.myanimelist.net/images/manga/3/190777l.jpg
2459,Komatta Toki ni wa Hoshi ni Kike,Manga,26,8699,8.27,Abe,https://cdn.myanimelist.net/images/manga/3/275336.jpg,https://cdn.myanimelist.net/images/manga/3/275336l.jpg
5255,Dengeki Daisy,Manga,16,122444,8.27,Motomi,https://cdn.myanimelist.net/images/manga/1/152369.jpg,https://cdn.myanimelist.net/images/manga/1/152369l.jpg
10443,Bakuon Rettou,Manga,18,17336,8.27,Takahashi,https://cdn.myanimelist.net/images/manga/3/173111.jpg,https://cdn.myanimelist.net/images/manga/3/173111l.jpg
24308,No.6,Manga,9,52796,8.27,Asano,https://cdn.myanimelist.net/images/manga/2/184479.jpg,https://cdn.myanimelist.net/images/manga/2/184479l.jpg
62547,He does not have any friends.,Manga,16,33784,8.27,Sakura,https://cdn.myanimelist.net/images/manga/1/107515.jpg,https://cdn.myanimelist.net/images/manga/1/107515l.jpg
70921,Date A Live: Encore,Light Novel,NULL,2800,8.27,Tachibana,https://cdn.myanimelist.net/images/manga/2/121831.jpg,https://cdn.myanimelist.net/images/manga/2/121831l.jpg
80375,My Brother's Husband,Manga,4,15715,8.27,Tagame,https://cdn.myanimelist.net/images/manga/2/158104.webp,https://cdn.myanimelist.net/images/manga/2/158104l.webp
103989,Kaichou wa Maid-sama!: Marriage,Manga,1,19653,8.27,Fujiwara,https://cdn.myanimelist.net/images/manga/2/210825.jpg,https://cdn.myanimelist.net/images/manga/2/210825l.jpg
731,Eden: It's an Endless World!,Manga,18,70808,8.26,Endo,https://cdn.myanimelist.net/images/manga/2/63117.jpg,https://cdn.myanimelist.net/images/manga/2/63117l.jpg
792,City Hunter,Manga,35,19232,8.26,Hojo,https://cdn.myanimelist.net/images/manga/5/272237.jpg,https://cdn.myanimelist.net/images/manga/5/272237l.jpg
1649,Liar Game,Manga,19,127303,8.26,Kaitani,https://cdn.myanimelist.net/images/manga/2/149018.jpg,https://cdn.myanimelist.net/images/manga/2/149018l.jpg
1695,Message to Adolf,Manga,4,27600,8.26,Tezuka,https://cdn.myanimelist.net/images/manga/2/258872.jpg,https://cdn.myanimelist.net/images/manga/2/258872l.jpg
1802,Cat Street,Manga,8,36352,8.26,Kamio,https://cdn.myanimelist.net/images/manga/2/176481.jpg,https://cdn.myanimelist.net/images/manga/2/176481l.jpg
7149,Toradora!,Light Novel,10,29941,8.26,Takemiya,https://cdn.myanimelist.net/images/manga/1/148447.jpg,https://cdn.myanimelist.net/images/manga/1/148447l.jpg
8652,Zankoku na Kami ga Shihai suru,Manga,17,12047,8.26,Hagio,https://cdn.myanimelist.net/images/manga/2/155732.jpg,https://cdn.myanimelist.net/images/manga/2/155732l.jpg
9546,Capeta,Manga,32,6755,8.26,Soda,https://cdn.myanimelist.net/images/manga/3/286585.jpg,https://cdn.myanimelist.net/images/manga/3/286585l.jpg
55869,Rokka: Braves of the Six Flowers,Light Novel,6,15779,8.26,Yamagata,https://cdn.myanimelist.net/images/manga/1/163592.jpg,https://cdn.myanimelist.net/images/manga/1/163592l.jpg
119022,The Eminence in Shadow,Manga,NULL,90048,8.26,Sakano,https://cdn.myanimelist.net/images/manga/3/227280.jpg,https://cdn.myanimelist.net/images/manga/3/227280l.jpg
124845,Sweet Home,Manhwa,12,94023,8.26,Kim,https://cdn.myanimelist.net/images/manga/3/227600.jpg,https://cdn.myanimelist.net/images/manga/3/227600l.jpg
140409,Lullaby of the Dawn,Manga,NULL,5692,8.26,Yuno,https://cdn.myanimelist.net/images/manga/2/265253.jpg,https://cdn.myanimelist.net/images/manga/2/265253l.jpg
163877,Virtual Strangers,Manhwa,NULL,5661,8.26,Honeytrap,https://cdn.myanimelist.net/images/manga/1/319543.jpg,https://cdn.myanimelist.net/images/manga/1/319543l.jpg
166817,Star Ginseng Store,Manhwa,NULL,2472,8.26,Hyeono,https://cdn.myanimelist.net/images/manga/3/301075.jpg,https://cdn.myanimelist.net/images/manga/3/301075l.jpg
166865,The Extra's Academy Survival Guide,Manhwa,NULL,28099,8.26,Green Kyrin,https://cdn.myanimelist.net/images/manga/2/296379.jpg,https://cdn.myanimelist.net/images/manga/2/296379l.jpg
112091,I Hear the Sunspot: Limit,Manga,3,9277,8.25,Fumino,https://cdn.myanimelist.net/images/manga/2/240673.jpg,https://cdn.myanimelist.net/images/manga/2/240673l.jpg
131008,A Stepmother's Märchen,Manhwa,NULL,23109,8.25,Nyangi-wa Hyangsinnyo,https://cdn.myanimelist.net/images/manga/2/236778.jpg,https://cdn.myanimelist.net/images/manga/2/236778l.jpg
688,Maison Ikkoku,Manga,15,21459,8.25,Takahashi,https://cdn.myanimelist.net/images/manga/1/71227.jpg,https://cdn.myanimelist.net/images/manga/1/71227l.jpg
770,Battle Angel Alita: Last Order,Manga,19,27936,8.25,Kishiro,https://cdn.myanimelist.net/images/manga/3/274912.jpg,https://cdn.myanimelist.net/images/manga/3/274912l.jpg
1097,Saiyuuki Gaiden,Manga,4,12472,8.25,Minekura,https://cdn.myanimelist.net/images/manga/3/155034.jpg,https://cdn.myanimelist.net/images/manga/3/155034l.jpg
3009,JoJo's Bizarre Adventure Part 6: Stone Ocean,Manga,17,219442,8.25,Araki,https://cdn.myanimelist.net/images/manga/2/255379.jpg,https://cdn.myanimelist.net/images/manga/2/255379l.jpg
8070,Sengoku Youko,Manga,17,21987,8.25,Mizukami,https://cdn.myanimelist.net/images/manga/3/260807.jpg,https://cdn.myanimelist.net/images/manga/3/260807l.jpg
11593,Yuru Yuri,Manga,NULL,17133,8.25,Namori,https://cdn.myanimelist.net/images/manga/1/53997.jpg,https://cdn.myanimelist.net/images/manga/1/53997l.jpg
15805,Dusk Maiden of Amnesia,Manga,10,51705,8.25,Maybe,https://cdn.myanimelist.net/images/manga/3/188846.jpg,https://cdn.myanimelist.net/images/manga/3/188846l.jpg
17904,Princess Jellyfish,Manga,17,47849,8.25,Higashimura,https://cdn.myanimelist.net/images/manga/3/149209.jpg,https://cdn.myanimelist.net/images/manga/3/149209l.jpg
30079,Annarasumanara,Manhwa,3,73939,8.25,Ha,https://cdn.myanimelist.net/images/manga/3/157589.jpg,https://cdn.myanimelist.net/images/manga/3/157589l.jpg
39883,Assassination Classroom,Manga,21,169897,8.25,Matsui,https://cdn.myanimelist.net/images/manga/3/243932.jpg,https://cdn.myanimelist.net/images/manga/3/243932l.jpg
44319,Puella Magi Madoka★Magica: The different story,Manga,3,18722,8.25,Magica Quartet,https://cdn.myanimelist.net/images/manga/3/78173.jpg,https://cdn.myanimelist.net/images/manga/3/78173l.jpg
45855,Mondaiji-tachi ga Isekai kara Kuru Sou desu yo?,Light Novel,12,16296,8.25,Tatsunoko,https://cdn.myanimelist.net/images/manga/2/81003.jpg,https://cdn.myanimelist.net/images/manga/2/81003l.jpg
70801,Dead Dead Demons Dededede Destruction,Manga,12,87824,8.25,Asano,https://cdn.myanimelist.net/images/manga/3/142079.jpg,https://cdn.myanimelist.net/images/manga/3/142079l.jpg
77465,Higurashi no Naku Koro ni - Dai 3-wa: Tatarigoroshi-hen,Light Novel,2,2010,8.25,Ryukishi07,https://cdn.myanimelist.net/images/manga/1/135193.jpg,https://cdn.myanimelist.net/images/manga/1/135193l.jpg
104491,Our Dining Table,Manga,1,17575,8.25,Mita,https://cdn.myanimelist.net/images/manga/1/196394.jpg,https://cdn.myanimelist.net/images/manga/1/196394l.jpg
339,Cromartie High School,Manga,17,16031,8.24,Nonaka,https://cdn.myanimelist.net/images/manga/3/265952.jpg,https://cdn.myanimelist.net/images/manga/3/265952l.jpg
373,Immortal Rain,Manga,11,21536,8.24,Ozaki,https://cdn.myanimelist.net/images/manga/1/198155.jpg,https://cdn.myanimelist.net/images/manga/1/198155l.jpg
4571,Snow White with the Red Hair,Manga,NULL,75574,8.24,Akizuki,https://cdn.myanimelist.net/images/manga/2/258717.jpg,https://cdn.myanimelist.net/images/manga/2/258717l.jpg
17910,Yomawari Sensei,Manga,9,18569,8.24,Mizutani,https://cdn.myanimelist.net/images/manga/2/185367.jpg,https://cdn.myanimelist.net/images/manga/2/185367l.jpg
18074,Getter Robo Saga,Manga,9,3039,8.24,Ishikawa,https://cdn.myanimelist.net/images/manga/2/272713.jpg,https://cdn.myanimelist.net/images/manga/2/272713l.jpg
34127,The Irregular at Magic High School,Light Novel,32,32124,8.24,Satou,https://cdn.myanimelist.net/images/manga/1/62151.jpg,https://cdn.myanimelist.net/images/manga/1/62151l.jpg
34841,5 Centimeters per Second,Novel,1,6651,8.24,Shinkai,https://cdn.myanimelist.net/images/manga/3/281622.jpg,https://cdn.myanimelist.net/images/manga/3/281622l.jpg
46010,xxxHOLiC Rei,Manga,NULL,15429,8.24,CLAMP,https://cdn.myanimelist.net/images/manga/2/243539.jpg,https://cdn.myanimelist.net/images/manga/2/243539l.jpg
58027,Tsuredure Children,Manga,12,63486,8.24,Wakabayashi,https://cdn.myanimelist.net/images/manga/1/155605.jpg,https://cdn.myanimelist.net/images/manga/1/155605l.jpg
108696,Smile Down the Runway,Manga,22,20010,8.24,Inoya,https://cdn.myanimelist.net/images/manga/2/200705.jpg,https://cdn.myanimelist.net/images/manga/2/200705l.jpg
115746,My Dearest Self With Malice Aforethought,Manga,11,57562,8.24,Inoryuu,https://cdn.myanimelist.net/images/manga/1/211898.jpg,https://cdn.myanimelist.net/images/manga/1/211898l.jpg
132962,Until I Meet My Husband,Manga,1,9460,8.24,Tsukizuki,https://cdn.myanimelist.net/images/manga/1/243238.webp,https://cdn.myanimelist.net/images/manga/1/243238l.webp
148234,How to Win My Husband Over,Manhwa,NULL,20053,8.24,Nyangi-wa Hyangsinnyo,https://cdn.myanimelist.net/images/manga/2/283080.jpg,https://cdn.myanimelist.net/images/manga/2/283080l.jpg
